-- phpMyAdmin SQL Dump
-- version 4.2.7.1
-- http://www.phpmyadmin.net
--
-- Host: 127.0.0.1
-- Generation Time: May 08, 2016 at 04:04 PM
-- Server version: 5.6.20
-- PHP Version: 5.5.15

SET SQL_MODE = "NO_AUTO_VALUE_ON_ZERO";
SET time_zone = "+00:00";


/*!40101 SET @OLD_CHARACTER_SET_CLIENT=@@CHARACTER_SET_CLIENT */;
/*!40101 SET @OLD_CHARACTER_SET_RESULTS=@@CHARACTER_SET_RESULTS */;
/*!40101 SET @OLD_COLLATION_CONNECTION=@@COLLATION_CONNECTION */;
/*!40101 SET NAMES utf8 */;

--
-- Database: `pemilihan`
--

-- --------------------------------------------------------

--
-- Table structure for table `admin`
--

CREATE TABLE IF NOT EXISTS `admin` (
  `username` varchar(100) NOT NULL,
  `password` varchar(100) NOT NULL
) ENGINE=InnoDB DEFAULT CHARSET=latin1;

--
-- Dumping data for table `admin`
--

INSERT INTO `admin` (`username`, `password`) VALUES
('admin', 'admin'),
('panitia', '21232f297a57a5a743894a0e4a801fc3');

-- --------------------------------------------------------

--
-- Table structure for table `tb_kota`
--

CREATE TABLE IF NOT EXISTS `tb_kota` (
`id_kota` int(11) NOT NULL,
  `id_provinsi` int(11) NOT NULL,
  `nama_kota` int(255) NOT NULL
) ENGINE=InnoDB DEFAULT CHARSET=latin1 AUTO_INCREMENT=1 ;

-- --------------------------------------------------------

--
-- Table structure for table `tb_provinsi`
--

CREATE TABLE IF NOT EXISTS `tb_provinsi` (
`id_provinsi` int(11) NOT NULL,
  `nama_provinsi` int(255) NOT NULL
) ENGINE=InnoDB DEFAULT CHARSET=latin1 AUTO_INCREMENT=1 ;

-- --------------------------------------------------------

--
-- Table structure for table `tb_team`
--

CREATE TABLE IF NOT EXISTS `tb_team` (
`id` int(11) NOT NULL,
  `nama_team` varchar(255) NOT NULL
) ENGINE=InnoDB  DEFAULT CHARSET=latin1 AUTO_INCREMENT=15 ;

--
-- Dumping data for table `tb_team`
--

INSERT INTO `tb_team` (`id`, `nama_team`) VALUES
(1, 'KribCorn'),
(2, 'Ars Ligna'),
(3, 'Spasia'),
(4, 'Krobi'),
(5, 'Bocil (Bolu Centil)'),
(6, 'B.A.Q'),
(7, 'Sushiban'),
(8, 'Cheese Pong'),
(9, 'Warung Es Batavia'),
(10, 'Potaco'),
(11, 'Nakal (Nasi Lokal)'),
(12, 'Magaza'),
(13, 'Sir Chick'),
(14, 'Sandwitch');

-- --------------------------------------------------------

--
-- Table structure for table `tb_vote`
--

CREATE TABLE IF NOT EXISTS `tb_vote` (
`id` int(11) NOT NULL,
  `nama` varchar(255) NOT NULL,
  `tempat` varchar(255) NOT NULL,
  `tgl_lahir` varchar(10) NOT NULL,
  `ipaddress` varchar(39) DEFAULT NULL,
  `email` varchar(255) NOT NULL,
  `id_team` int(11) NOT NULL,
  `created_on` datetime(6) DEFAULT NULL
) ENGINE=InnoDB  DEFAULT CHARSET=latin1 AUTO_INCREMENT=950 ;

--
-- Dumping data for table `tb_vote`
--

INSERT INTO `tb_vote` (`id`, `nama`, `tempat`, `tgl_lahir`, `ipaddress`, `email`, `id_team`, `created_on`) VALUES
(1, 'andre widjaya', 'jakarta', '18/10/1995', '127.0.0.1', '', 6, '2016-05-04 08:47:47.000000'),
(2, 'hobert', 'jakarta', '01/11/1995', '127.0.0.1', '', 5, '2016-05-04 09:00:12.000000'),
(3, 'dona', 'bandung', '21/05/2016', '127.0.0.1', '', 6, '2016-05-04 09:07:39.000000'),
(4, 'justin', 'jakarta', '31/01/1996', '127.0.0.1', '', 13, '2016-05-04 09:21:09.000000'),
(5, 'desy sarita', 'pontianak', '03/12/1995', '127.0.0.1', '', 13, '2016-05-04 09:30:20.000000'),
(6, 'natasha johanna lidian', 'jakarta', '17/12/1994', '127.0.0.1', '', 13, '2016-05-04 09:31:12.000000'),
(7, 'aditya kelvianto', 'jakarta', '15/05/1995', '127.0.0.1', '', 13, '2016-05-04 09:31:46.000000'),
(8, 'debi sentia', 'jakarta', '08/03/1995', '127.0.0.1', '', 13, '2016-05-04 09:32:24.000000'),
(9, 'pangeran axel', 'jakarta', '22/03/2016', '127.0.0.1', '', 1, '2016-05-04 09:33:07.000000'),
(10, 'isaura sharleen', 'jakarta', '01/05/1995', '127.0.0.1', '', 1, '2016-05-04 09:35:41.000000'),
(11, 'erwin', 'medan', '21/07/1995', '127.0.0.1', '', 9, '2016-05-04 09:38:36.000000'),
(12, 'willy', 'jakarta', '24/05/1995', '127.0.0.1', '', 6, '2016-05-04 09:41:17.000000'),
(13, 'wendi chandra', 'belitung', '01/06/1995', '127.0.0.1', '', 6, '2016-05-04 09:43:09.000000'),
(14, 'andree exton', 'jakarta', '28/08/1994', '127.0.0.1', '', 6, '2016-05-04 09:44:05.000000'),
(15, 'bryan', 'jakarta', '25/04/1997', '127.0.0.1', '', 5, '2016-05-04 10:01:06.000000'),
(16, 'dennis', 'jakarta', '14/04/1995', '127.0.0.1', '', 1, '2016-05-04 10:04:58.000000'),
(17, 'prilly', 'jakarta', '30/04/1995', '127.0.0.1', '', 10, '2016-05-04 10:05:38.000000'),
(18, 'suni anisya', 'brebes', '30/04/1995', '127.0.0.1', '', 5, '2016-05-04 10:15:31.000000'),
(19, 'benedicta aurellia danica', 'jakarta', '03/08/1995', '127.0.0.1', '', 5, '2016-05-04 10:16:40.000000'),
(20, 'jessica', 'jakarta', '10/11/1995', '127.0.0.1', '', 1, '2016-05-04 10:17:26.000000'),
(21, 'roy effendi', 'jakarta', '23/01/1997', '127.0.0.1', '', 7, '2016-05-04 10:22:50.000000'),
(22, 'isa iskandar', 'jakarta', '10/01/1996', '127.0.0.1', '', 7, '2016-05-04 10:25:13.000000'),
(23, 'yusak david', 'jakarta', '19/06/1995', '127.0.0.1', '', 2, '2016-05-04 10:27:17.000000'),
(24, 'desfernando rc', 'jakarta', '05/12/1994', '127.0.0.1', '', 3, '2016-05-04 10:27:58.000000'),
(25, 'jesslyn', 'jakarta', '09/07/1994', '127.0.0.1', '', 2, '2016-05-04 10:28:35.000000'),
(26, 'rafky', 'padang', '12/06/1994', '127.0.0.1', '', 2, '2016-05-04 10:29:21.000000'),
(27, 'andrew', 'jakarta', '28/10/1995', '127.0.0.1', '', 6, '2016-05-04 10:32:35.000000'),
(28, 'danieal', 'pontianak', '09/05/1995', '127.0.0.1', '', 4, '2016-05-04 10:34:19.000000'),
(29, 'dyah', 'mojokerto', '06/04/1963', '127.0.0.1', '', 12, '2016-05-04 10:34:55.000000'),
(30, 'herry tonny', 'medan', '14/06/1994', '127.0.0.1', '', 2, '2016-05-04 10:40:42.000000'),
(31, 'velicia veranita', 'jakarta', '21/09/1994', '127.0.0.1', '', 10, '2016-05-04 10:42:01.000000'),
(32, 'genio rachmat', 'jakarta', '09/08/1993', '127.0.0.1', '', 2, '2016-05-04 10:42:36.000000'),
(33, 'jeanni', 'jakarta', '01/09/1993', '127.0.0.1', '', 14, '2016-05-04 10:44:12.000000'),
(34, 'jennylim', 'pekanbaru', '25/04/1994', '127.0.0.1', '', 1, '2016-05-04 10:45:02.000000'),
(35, 'irene tirta', 'jakarta', '29/09/2016', '127.0.0.1', '', 2, '2016-05-04 10:45:44.000000'),
(36, 'grace julianda', 'bogor', '14/07/1995', '127.0.0.1', '', 11, '2016-05-04 10:46:30.000000'),
(37, 'tiffany', 'jakarta', '15/09/1994', '127.0.0.1', '', 13, '2016-05-04 10:47:08.000000'),
(38, 'andria kalista', 'jakarta', '18/05/2016', '127.0.0.1', '', 4, '2016-05-04 10:47:42.000000'),
(39, 'andria kalista', 'jakarta', '18/05/1995', '127.0.0.1', '', 11, '2016-05-04 10:48:23.000000'),
(40, 'sheila clarisa', 'jakarta', '05/09/1995', '127.0.0.1', '', 11, '2016-05-04 10:49:13.000000'),
(41, 'evelyn', 'jakarta', '30/08/1995', '127.0.0.1', '', 7, '2016-05-04 10:50:15.000000'),
(42, 'oktavianus gozali', 'jakarta', '06/10/1995', '127.0.0.1', '', 9, '2016-05-04 10:51:05.000000'),
(43, 'henny', 'palembang', '12/10/1997', '127.0.0.1', '', 7, '2016-05-04 10:53:51.000000'),
(44, 'nathania', 'jakarta', '23/10/1997', '127.0.0.1', '', 7, '2016-05-04 10:54:19.000000'),
(45, 'sally williang', 'jakarta', '04/10/1997', '127.0.0.1', '', 7, '2016-05-04 10:54:52.000000'),
(46, 'budiyanto', 'sentebang', '11/02/1995', '127.0.0.1', '', 12, '2016-05-04 11:00:01.000000'),
(47, 'ardianto', 'jakarta', '05/05/1995', '127.0.0.1', '', 9, '2016-05-04 11:03:24.000000'),
(48, 'lisa agustin', 'jakarta', '11/08/1995', '127.0.0.1', '', 6, '2016-05-04 11:07:59.000000'),
(49, 'devina', 'jakarta', '10/01/1995', '127.0.0.1', '', 6, '2016-05-04 11:08:34.000000'),
(50, 'william prasetya', 'tanjungpinang', '15/02/1994', '127.0.0.1', '', 13, '2016-05-04 11:10:32.000000'),
(51, 'hefdy wiguna elprama', 'jakarta', '12/03/1995', '127.0.0.1', '', 5, '2016-05-04 11:13:12.000000'),
(52, 'thomy', 'bandaaceh', '29/04/1995', '127.0.0.1', '', 7, '2016-05-04 11:14:24.000000'),
(53, 'novita natalia', 'jakarta', '29/11/1994', '127.0.0.1', '', 7, '2016-05-04 11:15:01.000000'),
(54, 'chrismalina', 'tangerang', '07/02/1995', '127.0.0.1', '', 7, '2016-05-04 11:15:40.000000'),
(55, 'florencia irena', 'samarinda', '13/06/1995', '127.0.0.1', '', 7, '2016-05-04 11:18:20.000000'),
(56, 'aris', 'belitung', '07/07/1995', '127.0.0.1', '', 1, '2016-05-04 11:19:47.000000'),
(57, 'alvin', 'jakarta', '21/04/1994', '127.0.0.1', '', 1, '2016-05-04 11:20:36.000000'),
(58, 'niko hartanto', 'tangerang', '22/12/1994', '127.0.0.1', '', 1, '2016-05-04 11:21:28.000000'),
(59, 'andreas', 'jakarta', '16/10/1995', '127.0.0.1', '', 1, '2016-05-04 11:22:07.000000'),
(60, 'elvira', 'jakarta', '03/03/1995', '127.0.0.1', '', 7, '2016-05-04 11:22:45.000000'),
(61, 'cristin', 'jakarta', '03/01/1995', '127.0.0.1', '', 11, '2016-05-04 11:24:47.000000'),
(62, 'leonard kosasih', 'jakarta', '02/10/1993', '127.0.0.1', '', 12, '2016-05-04 11:28:15.000000'),
(63, 'stephanie', 'tebingtinggi', '30/10/1995', '127.0.0.1', '', 13, '2016-05-04 11:29:34.000000'),
(64, 'martha', 'jakarta', '12/03/1995', '127.0.0.1', '', 6, '2016-05-04 11:29:59.000000'),
(65, 'lia herliana', 'jakarta', '17/02/1995', '127.0.0.1', '', 6, '2016-05-04 11:30:24.000000'),
(66, 'julius evan harya chandra', 'yogyakarta', '01/07/1994', '127.0.0.1', '', 7, '2016-05-04 11:32:24.000000'),
(67, 'alwin', 'jakarta', '12/01/1993', '127.0.0.1', '', 2, '2016-05-04 11:33:16.000000'),
(68, 'adrian', 'jakarta', '15/06/1992', '127.0.0.1', '', 3, '2016-05-04 11:33:57.000000'),
(69, 'vania', 'kudus', '09/08/1995', '127.0.0.1', '', 7, '2016-05-04 11:35:03.000000'),
(70, 'hendrick', 'singkawang', '18/04/1996', '127.0.0.1', '', 2, '2016-05-04 11:36:04.000000'),
(71, 'cinthya sukaemin', 'jakarta', '28/07/1993', '127.0.0.1', '', 14, '2016-05-04 11:36:54.000000'),
(72, 'kelvin halim', 'jakarta', '10/09/1995', '127.0.0.1', '', 14, '2016-05-04 11:38:27.000000'),
(73, 'cynthia tanuwijaya', 'jakarta', '26/12/1994', '127.0.0.1', '', 6, '2016-05-04 11:39:19.000000'),
(74, 'jenniefer limmase', 'jakarta', '20/06/1995', '127.0.0.1', '', 6, '2016-05-04 11:40:05.000000'),
(75, 'cindy wijaya', 'jakarta', '15/06/1995', '127.0.0.1', '', 12, '2016-05-04 11:40:43.000000'),
(76, 'lidya cia ih', 'riau', '26/02/1996', '127.0.0.1', '', 11, '2016-05-04 11:41:36.000000'),
(77, 'billy sumali', 'jakarta', '15/11/1994', '127.0.0.1', '', 12, '2016-05-04 11:42:29.000000'),
(78, 'feranica angella', 'jakarta', '27/05/1996', '127.0.0.1', '', 12, '2016-05-04 11:43:13.000000'),
(79, 'selviani', 'jakarta', '15/11/1997', '127.0.0.1', '', 14, '2016-05-04 11:43:54.000000'),
(80, 'anthony chandra', 'jakarta', '06/01/1995', '127.0.0.1', '', 13, '2016-05-04 11:44:45.000000'),
(81, 'shintia', 'pangkalpinang', '16/04/1996', '127.0.0.1', '', 11, '2016-05-04 11:45:27.000000'),
(82, 'jovin rajasa', 'tangerang', '05/06/1995', '127.0.0.1', '', 13, '2016-05-04 11:46:19.000000'),
(83, 'josephine', 'jakarta', '14/08/1997', '127.0.0.1', '', 13, '2016-05-04 11:46:54.000000'),
(84, 'amelia', 'jakarta', '29/04/1997', '127.0.0.1', '', 8, '2016-05-04 11:47:27.000000'),
(85, 'sarah bella', 'jakarta', '18/07/1995', '127.0.0.1', '', 10, '2016-05-04 11:48:04.000000'),
(86, 'martin octavianus', 'jakarta', '10/10/1995', '127.0.0.1', '', 10, '2016-05-04 11:48:42.000000'),
(87, 'derian isan', 'jakarta', '12/07/1994', '127.0.0.1', '', 10, '2016-05-04 11:49:06.000000'),
(88, 'kevin austin', 'pangkalpinang', '15/06/1995', '127.0.0.1', '', 11, '2016-05-04 11:49:44.000000'),
(89, 'aditya wibowo', 'jakarta', '10/09/1995', '127.0.0.1', '', 9, '2016-05-04 11:50:18.000000'),
(90, 'angela lorensia', 'tangerang', '11/05/1994', '127.0.0.1', '', 9, '2016-05-04 11:51:01.000000'),
(91, 'florencia diastri', 'semarang', '02/10/1995', '127.0.0.1', '', 1, '2016-05-04 11:51:48.000000'),
(92, 'jason alfian', 'jakarta', '29/10/1993', '127.0.0.1', '', 13, '2016-05-04 11:59:58.000000'),
(93, 'hendryono octavinus', 'jakarta', '12/10/1995', '127.0.0.1', '', 13, '2016-05-04 12:01:07.000000'),
(94, 'bobby julianto', 'jakarta', '15/07/1993', '127.0.0.1', '', 6, '2016-05-04 12:02:18.000000'),
(95, 'dhio dharmawan', 'tangerang', '17/12/1994', '127.0.0.1', '', 2, '2016-05-04 12:04:21.000000'),
(96, 'michael ernest', 'jakarta', '24/07/1995', '127.0.0.1', '', 6, '2016-05-04 12:06:38.000000'),
(97, 'wella angel', 'jakarta', '08/02/1996', '127.0.0.1', '', 5, '2016-05-04 12:07:46.000000'),
(98, 'paula elicia', 'jakarta', '02/04/1997', '127.0.0.1', '', 1, '2016-05-04 12:08:17.000000'),
(99, 'rensha maryanti', 'sorong', '12/03/1998', '127.0.0.1', '', 1, '2016-05-04 12:08:59.000000'),
(100, 'dennie', 'jakarta', '10/10/1995', '127.0.0.1', '', 10, '2016-05-04 12:09:33.000000'),
(101, 'stefan lionel', 'jakarta', '30/04/1995', '127.0.0.1', '', 8, '2016-05-04 12:10:11.000000'),
(102, 'hendry wijaya', 'medan', '07/09/1994', '127.0.0.1', '', 2, '2016-05-04 12:11:03.000000'),
(103, 'jullio wijaya', 'jakarta', '05/07/1994', '127.0.0.1', '', 6, '2016-05-04 12:11:36.000000'),
(104, 'raynaldo wibowo', 'bekasi', '19/01/1996', '127.0.0.1', '', 6, '2016-05-04 12:12:16.000000'),
(105, 'yosua el nissi', 'jakarta', '25/01/1993', '127.0.0.1', '', 6, '2016-05-04 12:13:08.000000'),
(106, 'martinus sudwi', 'jakarta', '04/03/1992', '127.0.0.1', '', 4, '2016-05-04 12:14:02.000000'),
(107, 'richard chendra', 'jakarta', '12/10/1993', '127.0.0.1', '', 1, '2016-05-04 12:15:19.000000'),
(108, 'agum suma', 'jakarta', '07/05/1993', '127.0.0.1', '', 7, '2016-05-04 12:15:52.000000'),
(109, 'david lianardo', 'jakarta', '17/12/1995', '127.0.0.1', '', 13, '2016-05-04 12:16:24.000000'),
(110, 'cellus wiratama', 'jakarta', '15/09/1992', '127.0.0.1', '', 6, '2016-05-04 12:18:01.000000'),
(111, 'ganesha prawira', 'australia', '02/11/2016', '127.0.0.1', '', 7, '2016-05-04 12:18:35.000000'),
(112, 'norman christian', 'jakarta', '16/11/1991', '127.0.0.1', '', 6, '2016-05-04 12:19:12.000000'),
(113, 'claudya', 'jakarta', '06/09/1995', '127.0.0.1', '', 10, '2016-05-04 12:20:44.000000'),
(114, 'finna', 'kisaran', '26/06/1995', '127.0.0.1', '', 10, '2016-05-04 12:21:15.000000'),
(115, 'nicholas jj', 'jakarta', '28/04/1993', '127.0.0.1', '', 10, '2016-05-04 12:21:53.000000'),
(116, 'theresa', 'jakarta', '03/08/1995', '127.0.0.1', '', 5, '2016-05-04 12:25:45.000000'),
(117, 'jocha', 'surabaya', '18/09/1995', '127.0.0.1', '', 5, '2016-05-04 12:26:13.000000'),
(118, 'cicilia meidyana', 'medan', '11/05/2016', '127.0.0.1', '', 4, '2016-05-04 12:27:27.000000'),
(119, 'tiffani', 'bogor', '12/05/2016', '127.0.0.1', '', 1, '2016-05-04 12:28:09.000000'),
(120, 'stefhanie', 'bengkulu', '05/08/1995', '127.0.0.1', '', 1, '2016-05-04 12:28:51.000000'),
(121, 'dinda', 'jakarta', '05/06/1995', '127.0.0.1', '', 4, '2016-05-04 12:29:22.000000'),
(122, 'wiratama hadi p', 'tanjungpandan', '27/11/1995', '127.0.0.1', '', 8, '2016-05-04 12:32:00.000000'),
(123, 'yudibudiatmaja', 'jakarta', '01/11/1991', '127.0.0.1', '', 3, '2016-05-04 12:32:59.000000'),
(124, 'vincent alienanda', 'pontianak', '31/10/1996', '127.0.0.1', '', 6, '2016-05-04 12:35:01.000000'),
(125, 'suyapto salim', 'jakarta', '23/05/1993', '127.0.0.1', '', 11, '2016-05-04 12:39:07.000000'),
(126, 'cindy wijaya sungkono', 'jakarta', '02/12/1993', '127.0.0.1', '', 12, '2016-05-04 12:40:24.000000'),
(127, 'henry purwanto', 'jakarta', '23/10/1994', '127.0.0.1', '', 6, '2016-05-04 12:42:52.000000'),
(128, 'agnes', 'jakarta', '22/08/1995', '127.0.0.1', '', 5, '2016-05-04 12:44:58.000000'),
(129, 'nancy jordan', 'jambi', '10/07/1995', '127.0.0.1', '', 5, '2016-05-04 12:45:29.000000'),
(130, 'anna j', 'jakarta', '28/05/1995', '127.0.0.1', '', 5, '2016-05-04 12:46:02.000000'),
(131, 'bewita mettasari', 'jakarta', '30/10/1995', '127.0.0.1', '', 5, '2016-05-04 12:46:28.000000'),
(132, 'roslianna darel', 'jakarta', '04/08/1995', '127.0.0.1', '', 5, '2016-05-04 12:47:06.000000'),
(133, 'irene marshella', 'jakarta', '22/03/1995', '127.0.0.1', '', 5, '2016-05-04 12:47:46.000000'),
(134, 'kevin setiawan', 'jakarta', '03/10/1995', '127.0.0.1', '', 5, '2016-05-04 12:48:12.000000'),
(135, 'sujiono', 'jakarta', '23/01/1995', '127.0.0.1', '', 6, '2016-05-04 12:48:50.000000'),
(136, 'amelia', 'jakarta', '09/05/1995', '127.0.0.1', '', 1, '2016-05-04 12:51:48.000000'),
(137, 'rocky dwi', 'jakarta', '25/04/1995', '127.0.0.1', '', 1, '2016-05-04 12:54:03.000000'),
(138, 'lionel aprico', 'jakarta', '25/04/1995', '127.0.0.1', '', 6, '2016-05-04 12:55:18.000000'),
(139, 'martindo', 'jakarta', '26/10/1995', '127.0.0.1', '', 13, '2016-05-04 12:56:32.000000'),
(140, 'caroline lin', 'jambi', '20/05/1995', '127.0.0.1', '', 6, '2016-05-04 12:59:11.000000'),
(141, 'qirby hutarso', 'jakarta', '15/02/1996', '127.0.0.1', '', 11, '2016-05-04 12:59:38.000000'),
(142, 'melissa', 'jakarta', '23/07/1995', '127.0.0.1', '', 6, '2016-05-04 13:02:30.000000'),
(143, 'fikky allieyanto', 'jakarta', '10/02/1991', '127.0.0.1', '', 6, '2016-05-04 13:03:15.000000'),
(144, 'desy monica sari', 'sungailiat', '02/12/1995', '127.0.0.1', '', 1, '2016-05-04 13:07:23.000000'),
(145, 'della nopyta', 'sungailiat', '08/02/1996', '127.0.0.1', '', 5, '2016-05-04 13:07:59.000000'),
(146, 'monica ruth', 'jakarta', '02/10/1995', '127.0.0.1', '', 10, '2016-05-04 13:08:33.000000'),
(147, 'marianne', 'jakarta', '23/03/1995', '127.0.0.1', '', 8, '2016-05-04 13:09:09.000000'),
(148, 'darmadi j gunawan', 'jakarta', '23/01/1971', '127.0.0.1', '', 11, '2016-05-04 13:10:39.000000'),
(149, 'silmi meitia marvina', 'jakarta', '28/05/1995', '127.0.0.1', '', 11, '2016-05-04 13:12:47.000000'),
(150, 'dyanna tjandra', 'bogor', '04/11/1994', '127.0.0.1', '', 11, '2016-05-04 13:13:25.000000'),
(151, 'eduardo denato', 'jakarta', '02/11/1994', '127.0.0.1', '', 11, '2016-05-04 13:13:58.000000'),
(152, 'josephine cecilia', 'jakarta', '14/07/1995', '127.0.0.1', '', 7, '2016-05-04 13:19:23.000000'),
(153, 'nike martina', 'pangkalpinang', '26/03/1995', '127.0.0.1', '', 11, '2016-05-04 13:20:04.000000'),
(154, 'rike sahertian', 'pangkalpinang', '24/04/1995', '127.0.0.1', '', 11, '2016-05-04 13:20:37.000000'),
(155, 'hans', 'jakarta', '18/04/1994', '127.0.0.1', '', 6, '2016-05-04 13:21:50.000000'),
(156, 'kevin ', 'jakarta', '14/08/1995', '127.0.0.1', '', 6, '2016-05-04 13:24:58.000000'),
(157, 'eric', 'jakarta', '08/09/1994', '127.0.0.1', '', 6, '2016-05-04 13:25:34.000000'),
(158, 'yoga pratama', 'jakarta', '25/01/1997', '127.0.0.1', '', 12, '2016-05-04 13:27:11.000000'),
(159, 'jobinsen', 'jakarta', '16/06/1997', '127.0.0.1', '', 12, '2016-05-04 13:27:39.000000'),
(160, 'ramsyah rachmantio', 'bandung', '30/01/1995', '127.0.0.1', '', 13, '2016-05-04 13:30:22.000000'),
(161, 'roy willis', 'medan', '23/11/1996', '127.0.0.1', '', 9, '2016-05-04 13:31:03.000000'),
(162, 'bella', 'medan', '18/06/1997', '127.0.0.1', '', 9, '2016-05-04 13:31:40.000000'),
(163, 'jimmy dwi laksono', 'pekalongan', '26/11/1997', '127.0.0.1', '', 9, '2016-05-04 13:32:22.000000'),
(164, 'claudia rara anggitha', 'jakarta', '02/10/1997', '127.0.0.1', '', 9, '2016-05-04 13:32:59.000000'),
(165, 'felicia natali liadi', 'medan', '13/02/1998', '127.0.0.1', '', 9, '2016-05-04 13:33:41.000000'),
(166, 'novianti ', 'jakarta', '03/11/1997', '127.0.0.1', '', 12, '2016-05-04 13:34:24.000000'),
(167, 'febrian sena', 'jakarta', '24/02/1995', '127.0.0.1', '', 12, '2016-05-04 13:35:04.000000'),
(168, 'marcellita', 'jakarta', '10/10/1997', '127.0.0.1', '', 12, '2016-05-04 13:35:40.000000'),
(169, 'wellson susanto', 'jakarta', '17/03/1993', '127.0.0.1', '', 8, '2016-05-04 13:36:19.000000'),
(170, 'putri puspitasari', 'tangerang', '11/06/1995', '127.0.0.1', '', 13, '2016-05-04 13:37:16.000000'),
(171, 'tiffany', 'jakarta', '17/07/1995', '127.0.0.1', '', 10, '2016-05-04 13:38:03.000000'),
(172, 'vincent', 'pontianak', '05/01/1996', '127.0.0.1', '', 4, '2016-05-04 13:38:43.000000'),
(173, 'melsa shantika sari', 'jambi', '17/01/1995', '127.0.0.1', '', 1, '2016-05-04 13:39:26.000000'),
(174, 'peiter houtama', 'bekasi', '08/05/1996', '127.0.0.1', '', 10, '2016-05-04 13:45:43.000000'),
(175, 'margaret', 'jakarta', '22/10/1996', '127.0.0.1', '', 10, '2016-05-04 13:46:23.000000'),
(176, 'darrren peter', 'batam', '07/09/1994', '127.0.0.1', '', 7, '2016-05-04 13:47:04.000000'),
(177, 'kevin tjahjadi', 'jakarta', '16/01/1995', '127.0.0.1', '', 10, '2016-05-04 13:47:47.000000'),
(178, 'robby setiawan', 'jakarta', '01/05/1994', '127.0.0.1', '', 10, '2016-05-04 13:48:28.000000'),
(179, 'ursula andrea', 'bandung', '20/10/1995', '127.0.0.1', '', 8, '2016-05-04 13:49:03.000000'),
(180, 'andree sugiyanto', 'jakarta', '27/11/1996', '127.0.0.1', '', 12, '2016-05-04 13:49:42.000000'),
(181, 'dennis kurniadi', 'jakarta', '08/05/1997', '127.0.0.1', '', 12, '2016-05-04 13:50:07.000000'),
(182, 'ivan sebastian', 'jakarta', '19/09/1997', '127.0.0.1', '', 12, '2016-05-04 13:50:39.000000'),
(183, 'gavriel ganesia', 'jakarta', '07/07/1997', '127.0.0.1', '', 12, '2016-05-04 13:51:18.000000'),
(184, 'renaldi', 'jakarta', '06/04/1997', '127.0.0.1', '', 12, '2016-05-04 13:51:52.000000'),
(185, 'edy hartono', 'cilacap', '30/04/1994', '127.0.0.1', '', 6, '2016-05-04 13:52:30.000000'),
(186, 'calvin iskandar', 'bandung', '29/11/1997', '127.0.0.1', '', 12, '2016-05-04 13:53:01.000000'),
(187, 'steven oscar', 'jakarta', '23/07/1994', '127.0.0.1', '', 12, '2016-05-04 13:55:05.000000'),
(188, 'kevin pratama', 'jakarta', '21/11/1994', '127.0.0.1', '', 4, '2016-05-04 13:55:51.000000'),
(189, 'billy alexander suherli', 'pringsewu', '01/05/1995', '127.0.0.1', '', 2, '2016-05-04 13:57:14.000000'),
(190, 'ferdinand ', 'jakarta', '18/09/1995', '127.0.0.1', '', 8, '2016-05-04 13:58:40.000000'),
(191, 'jennifer', 'jakarta', '04/08/1995', '127.0.0.1', '', 8, '2016-05-04 13:59:12.000000'),
(192, 'elliot', 'medan', '17/07/1995', '127.0.0.1', '', 8, '2016-05-04 13:59:44.000000'),
(193, 'amelia', 'jakarta', '04/07/1995', '127.0.0.1', '', 8, '2016-05-04 14:00:15.000000'),
(194, 'neliana', 'jakarta', '21/05/1995', '127.0.0.1', '', 8, '2016-05-04 14:00:50.000000'),
(195, 'hanven pradana', 'jakarta', '15/05/1995', '127.0.0.1', '', 1, '2016-05-04 14:01:23.000000'),
(196, 'martin', 'jakarta', '10/03/1997', '127.0.0.1', '', 5, '2016-05-04 14:02:11.000000'),
(197, 'gevin valerian', 'jakarta', '29/11/1997', '127.0.0.1', '', 5, '2016-05-04 14:02:45.000000'),
(198, 'deven', 'jakarta', '25/08/1997', '127.0.0.1', '', 5, '2016-05-04 14:03:09.000000'),
(199, 'muhammad adi nugraha', 'jakarta', '16/09/1997', '127.0.0.1', '', 5, '2016-05-04 14:04:25.000000'),
(200, 'andreas martin', 'jakarta', '27/03/1995', '127.0.0.1', '', 12, '2016-05-04 14:06:31.000000'),
(201, 'darian tjandra', 'jakarta', '14/10/1994', '127.0.0.1', '', 12, '2016-05-04 14:06:58.000000'),
(202, 'angelina f', 'jakarta', '19/11/1995', '127.0.0.1', '', 12, '2016-05-04 14:07:33.000000'),
(203, 'deza farras tsany', 'jakarta', '23/12/1995', '127.0.0.1', '', 11, '2016-05-04 14:08:36.000000'),
(204, 'niko susanto', 'belitung', '23/12/1996', '127.0.0.1', '', 14, '2016-05-04 14:09:06.000000'),
(205, 'jonathan gunawan', 'jakarta', '27/01/1997', '127.0.0.1', '', 5, '2016-05-04 14:09:50.000000'),
(206, 'adrian hartanta', 'jakarta', '12/02/1996', '127.0.0.1', '', 10, '2016-05-04 14:11:07.000000'),
(207, 'ben tjandra', 'jakarta', '14/05/1995', '127.0.0.1', '', 7, '2016-05-04 14:12:11.000000'),
(208, 'josephine dharmasaputra', 'jakarta', '10/01/1995', '127.0.0.1', '', 7, '2016-05-04 14:12:54.000000'),
(209, 'michael ', 'jakarta', '24/08/1995', '127.0.0.1', '', 7, '2016-05-04 14:13:25.000000'),
(210, 'helen', 'jakarta', '12/05/1995', '127.0.0.1', '', 3, '2016-05-04 14:14:13.000000'),
(211, 'derian', 'jakarta', '06/12/1995', '127.0.0.1', '', 6, '2016-05-04 14:15:12.000000'),
(212, 'raymond marzano', 'jakarta', '07/11/1995', '127.0.0.1', '', 14, '2016-05-04 14:15:43.000000'),
(213, 'triska', 'medan', '01/08/1995', '127.0.0.1', '', 8, '2016-05-04 14:16:13.000000'),
(214, 'anestasia kusuma desti', 'bandarlampung', '10/12/1995', '127.0.0.1', '', 10, '2016-05-04 14:17:31.000000'),
(215, 'monika merabel', 'jakarta', '18/09/1996', '127.0.0.1', '', 13, '2016-05-04 14:18:09.000000'),
(216, 'jimmy budiarto', 'jakarta', '01/07/1996', '127.0.0.1', '', 8, '2016-05-04 14:19:40.000000'),
(217, 'mukti r', 'banyumas', '02/09/1953', '127.0.0.1', '', 1, '2016-05-04 14:22:18.000000'),
(218, 'nagaretson', 'jakarta', '05/03/1988', '127.0.0.1', '', 1, '2016-05-04 14:23:02.000000'),
(219, 'roy arden', 'jakarta', '14/06/1993', '127.0.0.1', '', 14, '2016-05-04 14:23:38.000000'),
(220, 'christopher kevin', 'jakarta', '16/10/1991', '127.0.0.1', '', 14, '2016-05-04 14:24:13.000000'),
(221, 'kevin hanjaya', 'jakarta', '04/06/1993', '127.0.0.1', '', 14, '2016-05-04 14:24:43.000000'),
(222, 'adrianus alwyn', 'jakarta', '31/12/1992', '127.0.0.1', '', 8, '2016-05-04 14:25:08.000000'),
(223, 'martin gozali', 'jakarta', '26/03/1996', '127.0.0.1', '', 2, '2016-05-04 14:26:04.000000'),
(224, 'clincent', 'jakarta', '01/01/1996', '127.0.0.1', '', 3, '2016-05-04 14:27:06.000000'),
(225, 'davin iskandar', 'palembang', '11/10/1994', '127.0.0.1', '', 3, '2016-05-04 14:27:29.000000'),
(226, 'rico sc', 'pangkalpinang', '03/04/1995', '127.0.0.1', '', 1, '2016-05-04 14:28:16.000000'),
(227, 'steven tionardi', 'medan', '03/06/1995', '127.0.0.1', '', 1, '2016-05-04 14:28:42.000000'),
(228, 'nico afandi', 'palembang', '11/11/1995', '127.0.0.1', '', 1, '2016-05-04 14:29:12.000000'),
(229, 'putri shafira', 'jakarta', '06/05/1996', '127.0.0.1', '', 8, '2016-05-04 14:30:28.000000'),
(230, 'adrian', 'jakarta', '10/09/1995', '127.0.0.1', '', 8, '2016-05-04 14:31:02.000000'),
(231, 'febiantoro', 'jakarta', '24/02/1995', '127.0.0.1', '', 9, '2016-05-04 14:31:53.000000'),
(232, 'claudia arlita', 'makassar', '26/03/1996', '127.0.0.1', '', 5, '2016-05-04 14:32:37.000000'),
(233, 'isabella hanny', 'lampung', '26/03/1995', '127.0.0.1', '', 5, '2016-05-04 14:33:21.000000'),
(234, 'hengky yap', 'surabaya', '01/11/1995', '127.0.0.1', '', 5, '2016-05-04 14:34:01.000000'),
(235, 'billy', 'jakarta', '06/04/1995', '127.0.0.1', '', 6, '2016-05-04 14:34:21.000000'),
(236, 'gillbert', 'jakarta', '20/04/1995', '127.0.0.1', '', 6, '2016-05-04 14:34:46.000000'),
(237, 'stephanie cristalia', 'jakarta', '04/08/1995', '127.0.0.1', '', 6, '2016-05-04 14:35:23.000000'),
(238, 'hendra nursalim', 'jakarta', '25/07/1995', '127.0.0.1', '', 5, '2016-05-04 14:35:52.000000'),
(239, 'herdiman', 'jakarta', '24/04/1997', '127.0.0.1', '', 8, '2016-05-04 14:36:22.000000'),
(240, 'albert sany', 'jakarta', '06/11/1995', '127.0.0.1', '', 9, '2016-05-04 14:36:51.000000'),
(241, 'tarsisius stanley', 'jakarta', '30/03/1997', '127.0.0.1', '', 9, '2016-05-04 14:37:29.000000'),
(242, 'januar mansur', 'jakarta', '19/01/1997', '127.0.0.1', '', 9, '2016-05-04 14:37:54.000000'),
(243, 'edwin', 'penang', '29/03/1997', '127.0.0.1', '', 10, '2016-05-04 14:38:29.000000'),
(244, 'janson mkt', 'jakarta', '24/09/1994', '127.0.0.1', '', 8, '2016-05-04 14:39:09.000000'),
(245, 'rossinery metta', 'banjarmasin', '22/12/1994', '127.0.0.1', '', 8, '2016-05-04 14:39:42.000000'),
(246, 'cindiana jayanti', 'jakarta', '01/09/1994', '127.0.0.1', '', 8, '2016-05-04 14:40:22.000000'),
(247, 'belinda kinarwan', 'jakarta', '20/11/1995', '127.0.0.1', '', 6, '2016-05-04 14:41:12.000000'),
(248, 'gianni tardellie', 'medan', '18/05/1995', '127.0.0.1', '', 6, '2016-05-04 14:41:56.000000'),
(249, 'melissa', 'medan', '12/05/1995', '127.0.0.1', '', 6, '2016-05-04 14:42:35.000000'),
(250, 'ivana harjadi', 'palu', '31/05/1995', '127.0.0.1', '', 8, '2016-05-04 14:43:14.000000'),
(251, 'yohanes', 'jakarta', '20/06/1993', '127.0.0.1', '', 10, '2016-05-04 14:44:39.000000'),
(252, 'kevin ', 'jakarta', '19/11/1995', '127.0.0.1', '', 14, '2016-05-04 14:45:07.000000'),
(253, 'hadryan eldwin', 'pangkalpinang', '26/04/1995', '127.0.0.1', '', 11, '2016-05-04 14:50:22.000000'),
(254, 'fransisca', 'jakarta', '19/12/1995', '127.0.0.1', '', 11, '2016-05-04 14:51:02.000000'),
(255, 'yoril pingky saputra', 'bekasi', '18/04/1993', '127.0.0.1', '', 14, '2016-05-04 14:52:41.000000'),
(256, 'bobby ruslim', 'jakarta', '01/05/1993', '127.0.0.1', '', 14, '2016-05-04 14:53:24.000000'),
(257, 'nikolaus ferdy tanujaya', 'jakarta', '02/11/1995', '127.0.0.1', '', 12, '2016-05-04 14:59:11.000000'),
(258, 'edward', 'jakarta', '22/12/1994', '127.0.0.1', '', 12, '2016-05-04 15:00:12.000000'),
(259, 'michael vincent', 'jakarta', '15/12/1994', '127.0.0.1', '', 5, '2016-05-04 15:01:16.000000'),
(260, 'bagus mulyawan', 'yogyakarta', '13/10/1962', '127.0.0.1', '', 1, '2016-05-04 15:02:32.000000'),
(261, 'julianto', 'singkawang', '09/07/1995', '127.0.0.1', '', 1, '2016-05-04 15:03:26.000000'),
(262, 'renaldi thomas ', 'jakarta', '05/07/1995', '127.0.0.1', '', 6, '2016-05-04 15:04:15.000000'),
(263, 'godeliva vania ekawardani', 'jakarta', '31/05/1995', '127.0.0.1', '', 9, '2016-05-04 15:04:59.000000'),
(264, 'florentina martha', 'jakarta', '28/05/1995', '127.0.0.1', '', 9, '2016-05-04 15:05:33.000000'),
(265, 'zulkarnain siddik', 'sibolga', '19/04/1996', '127.0.0.1', '', 1, '2016-05-04 15:06:11.000000'),
(266, 'verich veracious', 'jakarta', '09/10/1995', '127.0.0.1', '', 6, '2016-05-04 15:06:48.000000'),
(267, 'olga chiara', 'jakarta', '22/12/1997', '127.0.0.1', '', 9, '2016-05-04 15:07:22.000000'),
(268, 'vivi dian sari', 'singkawang', '29/09/1995', '127.0.0.1', '', 7, '2016-05-04 15:08:04.000000'),
(269, 'ronalto fillipo', 'jakarta', '28/01/1996', '127.0.0.1', '', 13, '2016-05-04 15:08:30.000000'),
(270, 'carissa liora', 'jakarta', '01/06/1995', '127.0.0.1', '', 13, '2016-05-04 15:09:11.000000'),
(271, 'steven martinnus', 'jakarta', '14/03/1994', '127.0.0.1', '', 7, '2016-05-04 15:09:47.000000'),
(272, 'handy chandra', 'jakarta', '20/12/1992', '127.0.0.1', '', 10, '2016-05-04 15:10:11.000000'),
(273, 'jovin senjaya', 'tanjungpinang', '27/11/1994', '127.0.0.1', '', 10, '2016-05-04 15:10:47.000000'),
(274, 'surya setyadi', 'jakarta', '21/09/1995', '127.0.0.1', '', 8, '2016-05-04 15:11:10.000000'),
(275, 'diana putri', 'jakarta', '04/02/1995', '127.0.0.1', '', 8, '2016-05-04 15:11:53.000000'),
(276, 'yoana oktavia', 'jakarta', '27/10/2016', '127.0.0.1', '', 8, '2016-05-04 15:12:30.000000'),
(277, 'alfian yanuar', 'jakarta', '12/10/1996', '127.0.0.1', '', 7, '2016-05-04 15:13:04.000000'),
(278, 'cynthia caroline', 'jakarta', '13/04/1995', '127.0.0.1', '', 8, '2016-05-04 15:13:39.000000'),
(279, 'ailsa', 'jakarta', '13/12/2016', '127.0.0.1', '', 13, '2016-05-04 15:15:41.000000'),
(280, 'lukas djonata ', 'jakarta', '05/05/2016', '127.0.0.1', '', 6, '2016-05-04 15:16:59.000000'),
(281, 'calvin hung', 'jakarta', '08/01/1996', '127.0.0.1', '', 6, '2016-05-04 15:17:35.000000'),
(282, 'yonathan natanael stefanus', 'jakarta', '14/05/2016', '127.0.0.1', '', 6, '2016-05-04 15:18:19.000000'),
(283, 'christian sutandar', 'jakarta', '15/05/2016', '127.0.0.1', '', 5, '2016-05-04 15:19:00.000000'),
(284, 'calvin chairadin', 'jakarta', '03/05/2016', '127.0.0.1', '', 5, '2016-05-04 15:19:49.000000'),
(285, 'stevanus rosandi', 'medan', '03/05/2016', '127.0.0.1', '', 10, '2016-05-04 15:20:09.000000'),
(286, 'juliar aditya putra', 'singkawang', '12/07/1995', '127.0.0.1', '', 5, '2016-05-04 15:21:10.000000'),
(287, 'david reynaldo', 'jakarta', '21/07/1997', '127.0.0.1', '', 13, '2016-05-04 15:21:44.000000'),
(288, 'isaias fxfa felnditi', 'jakarta', '26/05/1997', '127.0.0.1', '', 1, '2016-05-04 15:22:32.000000'),
(289, 'zakhayu rian', 'jakarta', '27/10/1997', '127.0.0.1', '', 10, '2016-05-04 15:23:09.000000'),
(290, 'jacky', 'jakarta', '12/09/1997', '127.0.0.1', '', 13, '2016-05-04 15:23:40.000000'),
(291, 'harry darmawan', 'sampit', '21/02/1995', '127.0.0.1', '', 8, '2016-05-04 15:24:33.000000'),
(292, 'deborah wijaya', 'bandarlampung', '12/03/1995', '127.0.0.1', '', 8, '2016-05-04 15:25:04.000000'),
(293, 'kevin song mardi', 'jakarta', '07/08/1997', '127.0.0.1', '', 5, '2016-05-04 15:25:37.000000'),
(294, 'yoferen', 'jakarta', '04/09/1997', '127.0.0.1', '', 5, '2016-05-04 15:26:06.000000'),
(295, 'suyono', 'pangkalpinang', '17/03/1994', '127.0.0.1', '', 11, '2016-05-04 15:28:19.000000'),
(296, 'kevin tee', 'jakarta', '26/01/1995', '127.0.0.1', '', 11, '2016-05-04 15:28:48.000000'),
(297, 'irvan hartanto', 'jakarta', '29/03/1993', '127.0.0.1', '', 11, '2016-05-04 15:29:16.000000'),
(298, 'mico junianto', 'jakarta', '26/06/1995', '127.0.0.1', '', 11, '2016-05-04 15:29:39.000000'),
(299, 'irvan', 'jakarta', '26/06/1995', '127.0.0.1', '', 11, '2016-05-04 15:30:00.000000'),
(300, 'deby k', 'jakarta', '10/01/1996', '127.0.0.1', '', 8, '2016-05-04 15:31:01.000000'),
(301, 'james junior', 'jakarta', '17/10/1997', '127.0.0.1', '', 8, '2016-05-04 15:31:44.000000'),
(302, 'edwin jayadi', 'jakarta', '28/12/1997', '127.0.0.1', '', 8, '2016-05-04 15:32:13.000000'),
(303, 'mischella', 'jakarta', '31/07/1995', '127.0.0.1', '', 5, '2016-05-04 15:33:38.000000'),
(304, 'francis', 'spore', '30/11/1995', '127.0.0.1', '', 5, '2016-05-04 15:34:08.000000'),
(305, 'ridwan huangesa', 'jakarta', '12/12/1994', '127.0.0.1', '', 9, '2016-05-04 15:34:47.000000'),
(306, 'victor tejaya', 'padang', '14/06/1995', '127.0.0.1', '', 11, '2016-05-04 15:35:49.000000'),
(307, 'andrean', 'jakarta', '26/04/1994', '127.0.0.1', '', 8, '2016-05-04 15:39:10.000000'),
(308, 'johgi', 'jakarta', '28/10/1993', '127.0.0.1', '', 3, '2016-05-04 15:39:44.000000'),
(309, 'johgialfonsus', 'jakarta', '28/10/1993', '127.0.0.1', '', 14, '2016-05-04 15:40:12.000000'),
(310, 'arief mukzi almesa', 'bogor', '22/05/1995', '127.0.0.1', '', 12, '2016-05-04 15:41:27.000000'),
(311, 'novyanti', 'tangerang', '15/07/1995', '127.0.0.1', '', 5, '2016-05-04 15:42:32.000000'),
(312, 'marisa', 'jakarta', '28/02/1995', '127.0.0.1', '', 4, '2016-05-04 15:43:10.000000'),
(313, 'lisa', 'jakarta', '10/10/1995', '127.0.0.1', '', 10, '2016-05-04 15:45:56.000000'),
(314, 'wiliam ', 'jakarta', '09/04/1995', '127.0.0.1', '', 10, '2016-05-04 15:46:30.000000'),
(315, 'febryan valentino tansen', 'jakarta', '14/02/1998', '127.0.0.1', '', 13, '2016-05-04 15:47:04.000000'),
(316, 'andrian hartanto', 'pekalongan', '10/01/1994', '127.0.0.1', '', 5, '2016-05-04 15:47:55.000000'),
(317, 'andreas wijaya', 'pekalongan', '23/10/2016', '127.0.0.1', '', 5, '2016-05-04 15:49:05.000000'),
(318, 'ivan ', 'jakarta', '23/03/1995', '127.0.0.1', '', 9, '2016-05-04 15:53:34.000000'),
(319, 'vlorencia', 'medan', '15/08/1995', '127.0.0.1', '', 7, '2016-05-04 15:54:26.000000'),
(320, 'jessy octavia', 'jakarta', '05/10/1995', '127.0.0.1', '', 3, '2016-05-04 15:55:29.000000'),
(321, 'claudia rosari winata', 'jakarta', '15/08/1995', '127.0.0.1', '', 3, '2016-05-04 15:56:15.000000'),
(322, 'floren iswara', 'jakarta', '05/02/1996', '127.0.0.1', '', 3, '2016-05-04 15:57:04.000000'),
(323, 'michaela', 'jakarta', '12/01/1996', '127.0.0.1', '', 3, '2016-05-04 15:57:43.000000'),
(324, 'hengki pranoto', 'palembang', '17/08/1997', '127.0.0.1', '', 14, '2016-05-04 15:58:19.000000'),
(325, 'stephanie tjandi', 'jakarta', '04/05/1995', '127.0.0.1', '', 6, '2016-05-04 16:03:04.000000'),
(326, 'jenny', 'jakarta', '30/01/1995', '127.0.0.1', '', 6, '2016-05-04 16:04:06.000000'),
(327, 'bernadinus kevin', 'jakarta', '30/05/1993', '127.0.0.1', '', 7, '2016-05-04 16:04:51.000000'),
(328, 'jamse rayen', 'singkawang', '11/05/2016', '127.0.0.1', '', 4, '2016-05-04 16:05:31.000000'),
(329, 'james rayen', 'singkawang', '11/09/1993', '127.0.0.1', '', 10, '2016-05-04 16:06:02.000000'),
(330, 'priskilla vina virginia', 'jakarta', '08/07/1995', '127.0.0.1', '', 13, '2016-05-04 16:07:48.000000'),
(331, 'sindy pratiwi', 'toboali', '27/05/1996', '127.0.0.1', '', 13, '2016-05-04 16:08:57.000000'),
(332, 'fransisca christie', 'jakarta', '08/02/1995', '127.0.0.1', '', 7, '2016-05-04 16:09:50.000000'),
(333, 'bella razalie', 'medan', '28/07/1995', '127.0.0.1', '', 13, '2016-05-04 16:10:34.000000'),
(334, 'ananda mitra putri', 'denpasar', '26/08/1995', '127.0.0.1', '', 13, '2016-05-04 16:11:29.000000'),
(335, 'anindya luthfia', 'bogor', '01/05/1992', '127.0.0.1', '', 14, '2016-05-04 16:14:43.000000'),
(336, 'tony pratama', 'jakarta', '12/12/1992', '127.0.0.1', '', 9, '2016-05-04 16:21:21.000000'),
(337, 'mardian puli sandy', 'toboali', '30/10/1994', '127.0.0.1', '', 13, '2016-05-04 16:22:58.000000'),
(338, 'stella narpati', 'jakarta', '17/04/1998', '127.0.0.1', '', 7, '2016-05-04 16:24:18.000000'),
(339, 'yeko natalie', 'denpasar', '25/12/1997', '127.0.0.1', '', 7, '2016-05-04 16:24:51.000000'),
(340, 'julio', 'jakarta', '09/06/1995', '127.0.0.1', '', 7, '2016-05-04 16:25:30.000000'),
(341, 'kevin dharma', 'jakarta', '05/11/1994', '127.0.0.1', '', 7, '2016-05-04 16:26:15.000000'),
(342, 'christian yacobus', 'bekasi', '22/11/1995', '127.0.0.1', '', 11, '2016-05-04 16:27:42.000000'),
(343, 'novita dewi parlindungan', 'sibolga', '11/11/1996', '127.0.0.1', '', 9, '2016-05-04 16:29:35.000000'),
(344, 'shervia winata', 'medan', '28/06/1997', '127.0.0.1', '', 9, '2016-05-04 16:30:24.000000'),
(345, 'deddy saputra', 'tgbatu', '29/07/1995', '127.0.0.1', '', 12, '2016-05-04 16:31:00.000000'),
(346, 'glennarta andrian', 'jakarta', '12/09/1995', '127.0.0.1', '', 8, '2016-05-04 16:31:41.000000'),
(347, 'donny halim', 'pontianak', '19/10/1993', '127.0.0.1', '', 8, '2016-05-04 16:32:18.000000'),
(348, 'grecia tjuanda', 'jakarta', '07/05/1995', '127.0.0.1', '', 6, '2016-05-04 16:40:23.000000'),
(349, 'bill mario', 'jakarta', '13/11/1992', '127.0.0.1', '', 14, '2016-05-04 16:45:08.000000'),
(350, 'hendry van housten', 'jakarta', '06/08/1992', '127.0.0.1', '', 14, '2016-05-04 16:45:49.000000'),
(351, 'yulianto', 'ambon', '09/03/1994', '127.0.0.1', '', 14, '2016-05-04 16:46:29.000000'),
(352, 'rico hadisurya', 'jakarta', '04/01/1995', '127.0.0.1', '', 13, '2016-05-04 16:47:18.000000'),
(353, 'agnesia tanry', 'sibolga', '30/01/1994', '127.0.0.1', '', 7, '2016-05-04 17:01:26.000000'),
(354, 'adeline connie', 'jakarta', '28/08/1997', '127.0.0.1', '', 3, '2016-05-04 17:02:35.000000'),
(355, 'albert mercubuono', 'jakarta', '30/07/1997', '127.0.0.1', '', 3, '2016-05-04 17:03:14.000000'),
(356, 'kevin', 'medan', '24/10/1997', '127.0.0.1', '', 3, '2016-05-04 17:03:45.000000'),
(357, 'sella', 'tanjungpinang', '16/08/1995', '127.0.0.1', '', 3, '2016-05-04 17:04:45.000000'),
(358, 'jesslyn nelson', 'jakarta', '24/09/1994', '127.0.0.1', '', 9, '2016-05-04 17:09:47.000000'),
(359, 'davin senviadi', 'jakarta', '30/09/2016', '127.0.0.1', '', 7, '2016-05-04 17:10:52.000000'),
(360, 'willy chandra', 'jakarta', '07/10/1996', '127.0.0.1', '', 8, '2016-05-04 17:13:26.000000'),
(361, 'yenny', 'pemangkat', '15/02/1951', '127.0.0.1', '', 9, '2016-05-04 17:16:38.000000'),
(362, 'jennifer natashia', 'jakarta', '31/01/1996', '127.0.0.1', '', 9, '2016-05-04 17:26:19.000000'),
(363, 'tsim yau', 'planetmars', '16/12/2016', '127.0.0.1', '', 3, '2016-05-04 17:27:40.000000'),
(364, 'shieren', 'jakarta', '27/07/1997', '127.0.0.1', '', 3, '2016-05-04 17:29:34.000000'),
(365, 'herawati', 'jakarta', '29/12/1968', '127.0.0.1', '', 3, '2016-05-04 17:30:13.000000'),
(366, 'bbb', 'aaa', '03/05/2016', '127.0.0.1', '', 7, '2016-05-04 17:33:02.000000'),
(367, 'gio venna', 'jakarta', '15/02/1996', '127.0.0.1', '', 8, '2016-05-04 17:44:36.000000'),
(368, 'dharmawan', 'jakarta', '14/12/1995', '127.0.0.1', '', 10, '2016-05-04 17:45:16.000000'),
(369, 'dewi ayu', 'jakarta', '03/09/1995', '127.0.0.1', '', 4, '2016-05-04 17:57:02.000000'),
(370, 'andrea christiana', 'jakarta', '02/12/1995', '127.0.0.1', '', 7, '2016-05-04 17:58:06.000000'),
(371, 'andry', 'jakarta', '17/11/2016', '127.0.0.1', '', 4, '2016-05-04 17:58:59.000000'),
(372, 'sarah caroline widarta', 'jakarta', '25/10/1995', '127.0.0.1', '', 7, '2016-05-04 18:00:31.000000'),
(373, 'joshua ervin', 'jakarta', '15/11/1995', '127.0.0.1', '', 7, '2016-05-04 18:01:27.000000'),
(374, 'devina', 'jakarta', '28/06/1995', '127.0.0.1', '', 8, '2016-05-04 18:03:29.000000'),
(375, 'widya octaviani', 'pangkalpinang', '11/10/1995', '127.0.0.1', '', 8, '2016-05-04 18:04:14.000000'),
(376, 'ai ling', 'pangkalpinang', '29/07/2016', '127.0.0.1', '', 9, '2016-05-04 18:11:10.000000'),
(377, 'riky vilton', 'palembang', '01/10/1992', '127.0.0.1', '', 9, '2016-05-04 18:17:21.000000'),
(378, 'abraham goyomulia', 'jakarta', '27/03/1996', '127.0.0.1', '', 6, '2016-05-04 18:18:06.000000'),
(379, 'friska', 'medan', '25/03/1995', '127.0.0.1', '', 10, '2016-05-04 18:18:52.000000'),
(380, 'dessy venesya', 'pangkalpinang', '18/12/1989', '127.0.0.1', '', 11, '2016-05-04 18:19:46.000000'),
(381, 'yoppie lesmana', 'denpasar', '29/09/1987', '127.0.0.1', '', 11, '2016-05-04 18:20:20.000000'),
(382, 'christine octavia', 'pangkalpinang', '02/10/1995', '127.0.0.1', '', 11, '2016-05-04 18:20:58.000000'),
(383, 'edi putra', 'bengkalis', '23/05/2016', '127.0.0.1', '', 5, '2016-05-04 18:24:46.000000'),
(384, 'anthony', 'manggar', '14/12/1996', '127.0.0.1', '', 8, '2016-05-04 18:29:39.000000'),
(385, 'julio rahmat', 'jakarta', '30/01/1995', '127.0.0.1', '', 8, '2016-05-04 18:30:10.000000'),
(386, 'johan kusuma', 'jakarta', '28/08/1993', '127.0.0.1', '', 9, '2016-05-04 18:35:05.000000'),
(387, 'sheanny howanta', 'jakarta', '01/03/1995', '127.0.0.1', '', 9, '2016-05-04 18:36:16.000000'),
(388, 'shearen howanta', 'jakarta', '17/05/1991', '127.0.0.1', '', 9, '2016-05-04 18:36:56.000000'),
(389, 'kefas glen', 'jakarta', '15/05/1998', '127.0.0.1', '', 9, '2016-05-04 18:37:23.000000'),
(390, 'dessy lestari', 'jakarta', '27/12/1994', '127.0.0.1', '', 9, '2016-05-04 18:37:53.000000'),
(391, 'agus setiawan', 'jakarta', '27/08/1989', '127.0.0.1', '', 9, '2016-05-04 18:38:32.000000'),
(392, 'erwin kusuma', 'jakarta', '08/06/1996', '127.0.0.1', '', 9, '2016-05-04 18:39:29.000000'),
(393, 'denny kusuma', 'jakarta', '18/09/1990', '127.0.0.1', '', 9, '2016-05-04 18:40:07.000000'),
(394, 'willy khoo', 'jakarta', '05/05/1989', '127.0.0.1', '', 9, '2016-05-04 18:40:36.000000'),
(395, 'ricky', 'medan', '18/02/1993', '127.0.0.1', '', 11, '2016-05-04 18:44:58.000000'),
(396, 'puspahati', 'jakarta', '14/09/1994', '127.0.0.1', '', 11, '2016-05-04 18:46:00.000000'),
(397, 'achy', 'jakarta', '14/09/1994', '127.0.0.1', '', 11, '2016-05-04 18:46:33.000000'),
(398, 'heru mamesah', 'jakarta', '22/06/1995', '127.0.0.1', '', 11, '2016-05-04 18:47:08.000000'),
(399, 'vanya dwi nanda', 'bogor', '04/02/1995', '127.0.0.1', '', 11, '2016-05-04 18:47:48.000000'),
(400, 'deo try hoga', 'pangkalpinang', '18/02/1995', '127.0.0.1', '', 11, '2016-05-04 18:48:41.000000'),
(401, 'arnold paskah', 'jakarta', '09/05/1995', '127.0.0.1', '', 11, '2016-05-04 18:49:10.000000'),
(402, 'saputra', 'jakarta', '19/02/1991', '127.0.0.1', '', 11, '2016-05-04 18:49:42.000000'),
(403, 'bryan', 'jakarta', '25/04/1998', '127.0.0.1', '', 5, '2016-05-04 18:50:39.000000'),
(404, 'hendrick w', 'skw', '18/04/1996', '127.0.0.1', '', 2, '2016-05-04 18:51:15.000000'),
(405, 'ines sintia', 'lubuklinggau', '13/05/2016', '127.0.0.1', '', 11, '2016-05-04 18:52:07.000000'),
(406, 'michael', 'bogor', '19/03/1995', '127.0.0.1', '', 11, '2016-05-04 19:16:36.000000'),
(407, 'jocelin tanner', 'jakarta', '19/01/1998', '127.0.0.1', '', 3, '2016-05-04 19:17:53.000000'),
(408, 'eric kenanga', 'medan', '23/06/1996', '127.0.0.1', '', 3, '2016-05-04 19:18:53.000000'),
(409, 'ivan putra', 'jakarta', '01/05/1996', '127.0.0.1', '', 3, '2016-05-04 19:19:31.000000'),
(410, 'jacksons hutomo', 'jak', '08/05/2016', '127.0.0.1', '', 3, '2016-05-04 19:20:02.000000'),
(411, 'monica', 'lampung', '19/01/1995', '127.0.0.1', '', 2, '2016-05-04 19:33:46.000000'),
(412, 'sindi alpiah', 'brebes', '08/08/1996', '127.0.0.1', '', 11, '2016-05-04 19:34:51.000000'),
(413, 'ivonne', 'tanjungpinang', '14/01/1996', '127.0.0.1', '', 11, '2016-05-04 19:35:40.000000'),
(414, 'daniel', 'jakarta', '09/05/1994', '127.0.0.1', '', 11, '2016-05-04 19:45:44.000000'),
(415, 'andreass', 'jakarta', '10/05/1995', '127.0.0.1', '', 14, '2016-05-04 19:46:24.000000'),
(416, 'stefanus', 'bandung', '16/02/1998', '127.0.0.1', '', 6, '2016-05-04 19:46:48.000000'),
(417, 'imah', 'tan', '16/05/1989', '127.0.0.1', '', 5, '2016-05-04 19:48:27.000000'),
(418, 'hendra liana', 'jakarta', '09/10/1994', '127.0.0.1', '', 11, '2016-05-04 20:00:28.000000'),
(419, 'florencia irene aprilia riawan', 'jakarta', '27/04/1993', '127.0.0.1', '', 13, '2016-05-04 20:05:35.000000'),
(420, 'stella lisandra', 'lubuklinggau', '17/05/2016', '127.0.0.1', '', 11, '2016-05-04 20:22:35.000000'),
(421, 'william hartanto', 'palembang', '05/11/1995', '127.0.0.1', '', 6, '2016-05-05 10:30:45.000000'),
(422, 'lia hervika', 'pangkalpinang', '03/07/1995', '127.0.0.1', '', 11, '2016-05-05 11:30:43.000000'),
(423, 'yesica yulianto', 'bandarlampung', '28/05/1995', '127.0.0.1', '', 11, '2016-05-05 11:31:42.000000'),
(424, 'cynthia', 'subang', '29/03/1997', '127.0.0.1', '', 11, '2016-05-05 11:36:36.000000'),
(425, 'claudia crystalia', 'jakarta', '26/08/1997', '127.0.0.1', '', 7, '2016-05-05 11:37:17.000000'),
(426, 'kevin suandi', 'jakarta', '11/02/1995', '127.0.0.1', '', 3, '2016-05-05 11:38:06.000000'),
(427, 'arrinda', 'jakarta', '30/06/1988', '127.0.0.1', '', 11, '2016-05-05 12:05:32.000000'),
(428, 'widaningsih', 'majalengka', '17/03/1965', '127.0.0.1', '', 11, '2016-05-05 12:06:06.000000'),
(429, 'kusdinar', 'majalengka', '15/07/1976', '127.0.0.1', '', 11, '2016-05-05 12:06:40.000000'),
(430, 'siti maysaroh', 'jakarta', '31/01/1982', '127.0.0.1', '', 11, '2016-05-05 12:07:23.000000'),
(431, 'terryus wijaya', 'jakarta', '04/11/1994', '127.0.0.1', '', 9, '2016-05-05 12:55:19.000000'),
(432, 'hartono', 'singapore', '29/03/1993', '127.0.0.1', '', 6, '2016-05-05 13:11:23.000000'),
(433, 'anice sari', 'jakarta', '31/08/1995', '127.0.0.1', '', 8, '2016-05-05 13:22:37.000000'),
(434, 'florensia hilianti', 'jakarta', '22/01/1994', '127.0.0.1', '', 9, '2016-05-05 13:26:38.000000'),
(435, 'andy wijaya', 'jakarta', '19/04/1988', '127.0.0.1', '', 10, '2016-05-05 13:27:19.000000'),
(436, 'leo', 'jakarta', '31/12/1987', '127.0.0.1', '', 10, '2016-05-05 13:27:58.000000'),
(437, 'suni christina widjaya', 'palembang', '01/12/1995', '127.0.0.1', '', 12, '2016-05-05 13:29:23.000000'),
(438, 'florensia', 'palembang', '10/12/1995', '127.0.0.1', '', 12, '2016-05-05 13:30:18.000000'),
(439, 'elizabeth v', 'jakarta', '27/09/1993', '127.0.0.1', '', 12, '2016-05-05 13:32:29.000000'),
(440, 'jeniffer', 'jakarta', '05/05/2019', '127.0.0.1', '', 8, '2016-05-05 13:47:06.000000'),
(441, 'michael', 'jakarta', '27/05/2016', '127.0.0.1', '', 8, '2016-05-05 13:47:48.000000'),
(442, 'michael', 'medan', '27/05/1994', '127.0.0.1', '', 10, '2016-05-05 13:52:18.000000'),
(443, 'yulia dewi', 'jambi', '13/06/1994', '127.0.0.1', '', 6, '2016-05-05 13:59:29.000000'),
(444, 'rifki munandar', 'jakarta', '20/06/1995', '127.0.0.1', '', 11, '2016-05-05 14:09:13.000000'),
(445, 'marsel dwiputra', 'jakarta', '15/03/1992', '127.0.0.1', '', 12, '2016-05-05 14:19:31.000000'),
(446, 'rhenal cokronegoro', 'makassar', '07/05/2016', '127.0.0.1', '', 14, '2016-05-05 14:26:26.000000'),
(447, 'jodhantara', 'karawang', '03/10/1996', '127.0.0.1', '', 14, '2016-05-05 14:27:13.000000'),
(448, 'hilla', 'situbondo', '26/03/1995', '127.0.0.1', '', 2, '2016-05-05 14:28:04.000000'),
(449, 'nova reksa mulya pramesta', 'madiun', '10/04/1994', '127.0.0.1', '', 2, '2016-05-05 14:29:06.000000'),
(450, 'fihtri zakiyah vitalaya', 'jombang', '16/05/2016', '127.0.0.1', '', 2, '2016-05-05 14:29:53.000000'),
(451, 'heny', 'jakarta', '31/01/1982', '127.0.0.1', '', 12, '2016-05-05 14:31:07.000000'),
(452, 'stephen', 'jakarta', '29/05/1994', '127.0.0.1', '', 14, '2016-05-05 14:36:52.000000'),
(453, 'dellyana purnama sari', 'jakarta', '09/12/1992', '127.0.0.1', '', 14, '2016-05-05 14:37:52.000000'),
(454, 'octaviany shanon', 'jakarta', '16/10/1995', '127.0.0.1', '', 9, '2016-05-05 14:43:12.000000'),
(455, 'nathanya sascia', 'jakarta', '01/05/1998', '127.0.0.1', '', 9, '2016-05-05 14:43:39.000000'),
(456, 'tan samsida', 'jakarta', '24/08/1972', '127.0.0.1', '', 9, '2016-05-05 14:44:16.000000'),
(457, 'yudi suseno', 'pku', '24/12/1990', '127.0.0.1', '', 10, '2016-05-05 14:47:20.000000'),
(458, 'olivia', 'pnk', '12/02/1992', '127.0.0.1', '', 9, '2016-05-05 14:47:51.000000'),
(459, 'allycia sharon oei', 'jakarta', '28/05/2006', '127.0.0.1', '', 10, '2016-05-05 14:49:08.000000'),
(460, 'suhendra wibowo', 'jakarta', '05/03/1985', '127.0.0.1', '', 11, '2016-05-05 14:49:46.000000'),
(461, 'lenny tirtawati', 'jakarta', '25/05/2016', '127.0.0.1', '', 4, '2016-05-05 14:50:43.000000'),
(462, 'mario alvrisky', 'jakarta', '21/08/1990', '127.0.0.1', '', 9, '2016-05-05 14:57:14.000000'),
(463, 'levina wijaya', 'cirebon', '08/12/1995', '127.0.0.1', '', 8, '2016-05-05 15:01:38.000000'),
(464, 'liandri darma putra', 'pematangsiantar', '14/04/2016', '127.0.0.1', '', 8, '2016-05-05 15:02:37.000000'),
(465, 'irene widaya', 'jakarta', '08/05/2016', '127.0.0.1', '', 6, '2016-05-05 15:04:17.000000'),
(466, 'tirta', 'jakarta', '01/05/1992', '127.0.0.1', '', 6, '2016-05-05 15:05:01.000000'),
(467, 'oey vicky', 'jakarta', '23/07/1993', '127.0.0.1', '', 9, '2016-05-05 15:05:37.000000'),
(468, 'helen', 'bengkulu', '06/08/1995', '127.0.0.1', '', 6, '2016-05-05 15:06:33.000000'),
(469, 'febrina', 'jakarta', '26/02/1995', '127.0.0.1', '', 6, '2016-05-05 15:07:36.000000'),
(470, 'anggun dian budiarti', 'jakarta', '25/10/2016', '127.0.0.1', '', 5, '2016-05-05 15:09:08.000000'),
(471, 'harnice', 'jakarta', '07/10/1989', '127.0.0.1', '', 5, '2016-05-05 15:09:52.000000'),
(472, 'selly', 'jak', '09/05/2016', '127.0.0.1', '', 7, '2016-05-05 15:10:26.000000'),
(473, 'gladys', 'tolitoli', '06/12/1995', '127.0.0.1', '', 13, '2016-05-05 15:11:17.000000'),
(474, 'josephine', 'bekasi', '09/03/2016', '127.0.0.1', '', 13, '2016-05-05 15:26:17.000000'),
(475, 'adrian linardi', 'jakarta', '15/06/1992', '127.0.0.1', '', 2, '2016-05-05 15:31:38.000000'),
(476, 'clara zenia francia', 'jakarta', '27/12/1995', '127.0.0.1', '', 7, '2016-05-05 15:36:32.000000'),
(477, 'ricky saputra', 'pekanbaru', '19/02/1993', '127.0.0.1', '', 11, '2016-05-05 15:41:01.000000'),
(478, 'santo', 'surabaya', '13/04/1995', '127.0.0.1', '', 5, '2016-05-05 15:42:20.000000'),
(479, 'kendry juwono', 'jakarta', '23/09/1994', '127.0.0.1', '', 8, '2016-05-05 16:09:08.000000'),
(480, 'lidya', 'jakarta', '01/06/1995', '127.0.0.1', '', 8, '2016-05-05 16:09:44.000000'),
(481, 'monica sarita ', 'pontianak', '14/11/1994', '127.0.0.1', '', 7, '2016-05-05 16:16:37.000000'),
(482, 'mita carissa', 'pontianak', '28/10/1995', '127.0.0.1', '', 13, '2016-05-05 16:17:16.000000'),
(483, 'stefanie', 'pontianak', '28/12/1995', '127.0.0.1', '', 13, '2016-05-05 16:17:59.000000'),
(484, 'vincensius', 'pontianak', '30/09/1994', '127.0.0.1', '', 13, '2016-05-05 16:18:49.000000'),
(485, 'yudy parlim', 'binjai', '11/10/1995', '127.0.0.1', '', 9, '2016-05-05 16:21:34.000000'),
(486, 'yusuf', 'jakarta', '26/05/2016', '127.0.0.1', '', 10, '2016-05-05 16:27:52.000000'),
(487, 'yozh', 'surabaya', '27/02/1991', '127.0.0.1', '', 10, '2016-05-05 16:28:38.000000'),
(488, 'andy', 'medan', '29/04/1990', '127.0.0.1', '', 9, '2016-05-05 16:39:43.000000'),
(489, 'rusiani', 'medan', '13/04/1969', '127.0.0.1', '', 9, '2016-05-05 16:40:16.000000'),
(490, 'dedofin', 'jakarta', '23/05/1995', '127.0.0.1', '', 12, '2016-05-05 16:42:35.000000'),
(491, 'reynaldi yacobus', 'bekasi', '09/11/2016', '127.0.0.1', '', 11, '2016-05-05 16:43:28.000000'),
(492, 'rita', 'jakarta', '03/01/1975', '127.0.0.1', '', 11, '2016-05-05 16:44:32.000000'),
(493, 'andi wijaya', 'jakarta', '26/09/1974', '127.0.0.1', '', 13, '2016-05-05 16:46:37.000000'),
(494, 'yoseph victor kusuma', 'denpasar', '20/09/1993', '127.0.0.1', '', 12, '2016-05-05 16:47:50.000000'),
(495, 'catherine anggriani', 'medan', '28/01/1993', '127.0.0.1', '', 6, '2016-05-05 16:50:32.000000'),
(496, 'suryadi pratama', 'jakarta', '12/11/1995', '127.0.0.1', '', 6, '2016-05-05 17:11:45.000000'),
(497, 'winda tesvati', 'dumai', '27/06/2016', '127.0.0.1', '', 6, '2016-05-05 17:12:28.000000'),
(498, 'danny', 'jakarta', '19/06/1994', '127.0.0.1', '', 5, '2016-05-05 17:13:55.000000'),
(499, 'kevin', 'medan', '09/01/1992', '127.0.0.1', '', 9, '2016-05-05 17:14:48.000000'),
(500, 'erwin wijaya', 'pontianak', '31/10/1962', '127.0.0.1', '', 9, '2016-05-05 17:15:28.000000'),
(501, 'nesha mutiara', 'jakarta', '08/01/1999', '127.0.0.1', '', 6, '2016-05-05 17:20:39.000000'),
(502, 'irvan', 'jakarta', '04/10/1994', '127.0.0.1', '', 9, '2016-05-05 17:21:53.000000'),
(503, 'stephanie tan', 'jakarta', '25/09/1994', '127.0.0.1', '', 10, '2016-05-05 17:22:53.000000'),
(504, 'albert christian', 'bandung', '21/02/1997', '127.0.0.1', '', 9, '2016-05-05 17:24:46.000000'),
(505, 'vika mandasari ', 'jakarta', '08/08/1996', '127.0.0.1', '', 12, '2016-05-05 17:40:19.000000'),
(506, 'silfani', 'jakarta', '18/05/1996', '127.0.0.1', '', 12, '2016-05-05 17:40:58.000000'),
(507, 'teddy fernando', 'medan', '19/06/1994', '127.0.0.1', '', 9, '2016-05-05 17:48:32.000000'),
(508, 'dicky', 'jakarta', '05/12/1995', '127.0.0.1', '', 10, '2016-05-05 17:49:19.000000'),
(509, 'jessyca', 'binjai', '14/05/2016', '127.0.0.1', '', 9, '2016-05-05 17:50:17.000000'),
(510, 'fendi', 'pontianak', '05/09/1993', '127.0.0.1', '', 9, '2016-05-05 17:51:02.000000'),
(511, 'fannie', 'jakarta', '10/08/1994', '127.0.0.1', '', 10, '2016-05-05 17:51:36.000000'),
(512, 'meidy yana', 'jakarta', '25/05/1995', '127.0.0.1', '', 4, '2016-05-05 17:52:20.000000'),
(513, 'silvester', 'pontianak', '05/01/1995', '127.0.0.1', '', 4, '2016-05-05 17:52:52.000000'),
(514, 'cherry torhuta', 'jakarta', '04/01/1997', '127.0.0.1', '', 3, '2016-05-05 17:58:57.000000'),
(515, 'anthony yunus ', 'bogor', '26/09/1993', '127.0.0.1', '', 12, '2016-05-05 18:16:19.000000'),
(516, 'denis kusbowo', 'jakarta', '28/02/1993', '127.0.0.1', '', 12, '2016-05-05 18:17:27.000000'),
(517, 'steven', 'pontianak', '13/07/1995', '127.0.0.1', '', 6, '2016-05-05 18:18:03.000000'),
(518, 'zelvi', 'jakarta', '29/10/1995', '127.0.0.1', '', 9, '2016-05-05 18:30:36.000000');
INSERT INTO `tb_vote` (`id`, `nama`, `tempat`, `tgl_lahir`, `ipaddress`, `email`, `id_team`, `created_on`) VALUES
(519, 'melliham pd', 'jakarta', '12/02/2000', '127.0.0.1', '', 8, '2016-05-05 18:31:20.000000'),
(520, 'irvan rahmat', 'jakarta', '03/10/1994', '127.0.0.1', '', 5, '2016-05-05 18:32:05.000000'),
(521, 'valencia utari', 'jakarta', '02/11/1993', '127.0.0.1', '', 9, '2016-05-05 18:41:42.000000'),
(522, 'franky', 'pekanbaru', '03/06/1992', '127.0.0.1', '', 9, '2016-05-05 18:42:23.000000'),
(523, 'noviana f', 'singaraja', '18/11/1998', '127.0.0.1', '', 12, '2016-05-05 18:51:13.000000'),
(524, 'ferdian', 'jakarta', '29/02/2000', '127.0.0.1', '', 5, '2016-05-05 18:51:47.000000'),
(525, 'djoko', 'jawa', '20/08/1975', '127.0.0.1', '', 12, '2016-05-05 18:52:58.000000'),
(526, 'adrian hartanto', 'belitung', '23/12/1995', '127.0.0.1', '', 14, '2016-05-05 18:54:25.000000'),
(527, 'jerry jeremia', 'jakarta', '14/11/1994', '127.0.0.1', '', 11, '2016-05-05 18:55:22.000000'),
(528, 'charlie', 'jambi', '21/05/1995', '127.0.0.1', '', 11, '2016-05-05 18:55:53.000000'),
(529, 'billy widjaya', 'jakarta', '30/05/1995', '127.0.0.1', '', 6, '2016-05-05 18:56:35.000000'),
(530, 'elly s', 'palembang', '21/09/1993', '127.0.0.1', '', 8, '2016-05-05 19:12:02.000000'),
(531, 'mathias', 'jakarta', '26/02/1992', '127.0.0.1', '', 8, '2016-05-05 19:12:43.000000'),
(532, 'hendrick', 'binjai', '05/01/1988', '127.0.0.1', '', 9, '2016-05-05 19:13:58.000000'),
(533, 'susanti', 'bekasi', '03/05/2016', '127.0.0.1', '', 11, '2016-05-05 19:26:10.000000'),
(534, 'elfira', 'pangkalpinang', '12/05/2016', '127.0.0.1', '', 11, '2016-05-05 19:26:51.000000'),
(535, 'fang fang', 'bogor', '04/02/1995', '127.0.0.1', '', 11, '2016-05-05 19:27:21.000000'),
(536, 'astabrata', 'jakarta', '02/01/1992', '127.0.0.1', '', 9, '2016-05-05 20:00:01.000000'),
(537, 'jimmi kodero', 'stabat', '06/05/2016', '127.0.0.1', '', 9, '2016-05-05 20:27:04.000000'),
(538, 'jennifer wijaya', 'jakarta', '17/01/1995', '127.0.0.1', '', 6, '2016-05-05 20:28:15.000000'),
(539, 'elika margaretha', 'jakarta', '23/03/1995', '127.0.0.1', '', 3, '2016-05-05 20:52:34.000000'),
(540, 'michelle florencia', 'jakarta', '11/01/1996', '127.0.0.1', '', 4, '2016-05-05 20:53:13.000000'),
(541, 'mikhael thobie', 'jakarta', '17/03/1995', '127.0.0.1', '', 9, '2016-05-05 20:54:09.000000'),
(542, 'valencia santoso', 'jakarta', '11/10/1993', '127.0.0.1', '', 10, '2016-05-05 20:59:23.000000'),
(543, 'stefan ', 'jakarta', '11/12/1992', '127.0.0.1', '', 7, '2016-05-05 21:00:11.000000'),
(544, 'edi suwardi', 'jakarta', '27/10/1993', '127.0.0.1', '', 8, '2016-05-05 21:00:50.000000'),
(545, 'michael tan', 'jakarta', '14/07/1993', '127.0.0.1', '', 7, '2016-05-05 21:01:25.000000'),
(546, 'riyan jaya adi pratama', 'kediri', '05/01/1994', '127.0.0.1', '', 6, '2016-05-05 21:13:34.000000'),
(547, 'vienchenzia oeyta', 'banjarmasin', '29/10/1996', '127.0.0.1', '', 12, '2016-05-06 11:27:56.000000'),
(548, 'novitasari panya dewii', 'halong', '05/10/1995', '127.0.0.1', '', 12, '2016-05-06 11:29:53.000000'),
(549, 'selly', 'palembang', '27/03/1996', '127.0.0.1', '', 8, '2016-05-06 11:31:28.000000'),
(550, 'kevin leon', 'jakarta', '17/10/1997', '127.0.0.1', '', 9, '2016-05-06 11:38:37.000000'),
(551, 'maria varencia', 'jakarta', '15/05/1994', '127.0.0.1', '', 8, '2016-05-06 11:49:37.000000'),
(552, 'elin', 'subang', '03/03/2016', '127.0.0.1', '', 7, '2016-05-06 11:51:25.000000'),
(553, 'alex', 'palembang', '18/02/1959', '127.0.0.1', '', 7, '2016-05-06 11:51:57.000000'),
(554, 'fiandry jeremy', 'jakarta', '11/06/2003', '127.0.0.1', '', 8, '2016-05-06 11:53:26.000000'),
(555, 'suraidi', 'sukabumi', '18/12/1973', '127.0.0.1', '', 9, '2016-05-06 11:56:01.000000'),
(556, 'fianny', 'jakarta', '01/02/2001', '127.0.0.1', '', 8, '2016-05-06 11:56:42.000000'),
(557, 'nadira maurizka kuputri', 'jakarta', '17/04/1998', '127.0.0.1', '', 10, '2016-05-06 11:58:43.000000'),
(558, 'fanny sarah', 'medan', '20/09/1995', '127.0.0.1', '', 1, '2016-05-06 12:03:25.000000'),
(559, 'deny hartanto', 'jakarta', '18/03/1994', '127.0.0.1', '', 12, '2016-05-06 12:03:57.000000'),
(560, 'kevin', 'jakarta', '17/01/1996', '127.0.0.1', '', 6, '2016-05-06 12:30:43.000000'),
(561, 'claudya ', 'palembang', '16/09/1995', '127.0.0.1', '', 6, '2016-05-06 12:32:34.000000'),
(562, 'ani sutrisna', 'pemangkat', '26/07/1970', '127.0.0.1', '', 1, '2016-05-06 12:40:58.000000'),
(563, 'albert limanta', 'jakarta', '08/03/1995', '127.0.0.1', '', 6, '2016-05-06 12:44:48.000000'),
(564, 'herry sutrisna', 'jakarta', '18/09/1965', '127.0.0.1', '', 1, '2016-05-06 12:52:41.000000'),
(565, 'hanni', 'jakarta', '22/11/1995', '127.0.0.1', '', 8, '2016-05-06 13:07:32.000000'),
(566, 'handi', 'jakarta', '04/10/1989', '127.0.0.1', '', 8, '2016-05-06 13:08:06.000000'),
(567, 'willy susanto', 'jakarta', '16/09/1994', '127.0.0.1', '', 9, '2016-05-06 13:22:14.000000'),
(568, 'rocky ls', 'jakarta', '07/02/1993', '127.0.0.1', '', 9, '2016-05-06 13:23:07.000000'),
(569, 'albert', 'jakarta', '03/08/1995', '127.0.0.1', '', 9, '2016-05-06 13:23:52.000000'),
(570, 'delfina yulis', 'medan', '06/07/1995', '127.0.0.1', '', 8, '2016-05-06 13:26:03.000000'),
(571, 'wira angkasa utama', 'jakarta', '18/08/1990', '127.0.0.1', '', 4, '2016-05-06 13:26:47.000000'),
(572, 'rezq simajaya', 'jakarta', '19/09/1997', '127.0.0.1', '', 9, '2016-05-06 13:27:53.000000'),
(573, 'edwin oentoro', 'jakarta', '28/08/1995', '127.0.0.1', '', 8, '2016-05-06 13:30:22.000000'),
(574, 'jessica chandra', 'jakarta', '06/09/1996', '127.0.0.1', '', 8, '2016-05-06 13:31:05.000000'),
(575, 'susanti', 'jakarta', '17/11/1971', '127.0.0.1', '', 9, '2016-05-06 13:37:43.000000'),
(576, 'darvin leonardi', 'tanjungpinang', '30/12/1996', '127.0.0.1', '', 3, '2016-05-06 13:40:52.000000'),
(577, 'chaves y', 'banggai', '04/07/1991', '127.0.0.1', '', 10, '2016-05-06 13:42:13.000000'),
(578, 'ardhito yulis', 'jakarta', '20/09/2016', '127.0.0.1', '', 8, '2016-05-06 13:43:00.000000'),
(579, 'engel', 'tangerang', '12/08/1992', '127.0.0.1', '', 14, '2016-05-06 13:59:03.000000'),
(580, 'frans', 'timika', '14/11/1991', '127.0.0.1', '', 14, '2016-05-06 13:59:48.000000'),
(581, 'vincent', 'medan', '18/08/1994', '127.0.0.1', '', 6, '2016-05-06 14:12:25.000000'),
(582, 'jonathan winner', 'jakarta', '05/05/2016', '127.0.0.1', '', 9, '2016-05-06 14:14:01.000000'),
(583, 'icha', 'medan', '02/12/1987', '127.0.0.1', '', 10, '2016-05-06 14:23:38.000000'),
(584, 'james', 'jakarta', '12/10/1993', '127.0.0.1', '', 6, '2016-05-06 14:27:43.000000'),
(585, 'richard', 'jakarta', '19/05/1993', '127.0.0.1', '', 12, '2016-05-06 14:30:10.000000'),
(586, 'claudia lesmana', 'jakarta', '16/11/1994', '127.0.0.1', '', 14, '2016-05-06 14:43:45.000000'),
(587, 'shirleen', 'pontianak', '09/08/1995', '127.0.0.1', '', 14, '2016-05-06 14:44:36.000000'),
(588, 'shelley yashica', 'jakarta', '28/02/1995', '127.0.0.1', '', 14, '2016-05-06 14:45:17.000000'),
(589, 'adelia premana', 'jakarta', '01/02/1995', '127.0.0.1', '', 8, '2016-05-06 14:45:45.000000'),
(590, 'kelvin wibisono', 'jakarta', '05/05/1994', '127.0.0.1', '', 14, '2016-05-06 14:46:28.000000'),
(591, 'callista', 'medan', '03/01/1997', '127.0.0.1', '', 9, '2016-05-06 14:47:31.000000'),
(592, 'cicilia', 'jakarta', '03/05/2016', '127.0.0.1', '', 12, '2016-05-06 14:48:44.000000'),
(593, 'billy raja aziz', 'baturaja', '02/12/1995', '127.0.0.1', '', 11, '2016-05-06 14:57:30.000000'),
(594, 'nicolas', 'bekasi', '19/05/1994', '127.0.0.1', '', 11, '2016-05-06 15:00:03.000000'),
(595, 'zezens pratama', 'manggar', '01/03/2016', '127.0.0.1', '', 8, '2016-05-06 15:13:18.000000'),
(596, 'ridho fourty maulana babellian', 'jakarta', '22/12/1994', '127.0.0.1', '', 8, '2016-05-06 15:14:06.000000'),
(597, 'deta oryzae saputra', 'manggar', '18/11/2016', '127.0.0.1', '', 8, '2016-05-06 15:15:50.000000'),
(598, 'nelvi yunita riadhie', 'jakarta', '21/06/1995', '127.0.0.1', '', 8, '2016-05-06 15:16:39.000000'),
(599, 'shandy theopilus riadhie', 'jakarta', '03/08/1991', '127.0.0.1', '', 8, '2016-05-06 15:17:48.000000'),
(600, 'ribka novianti', 'jakarta', '28/11/1983', '127.0.0.1', '', 8, '2016-05-06 15:18:33.000000'),
(601, 'hendry', 'jakarta', '12/11/1981', '127.0.0.1', '', 8, '2016-05-06 15:19:17.000000'),
(602, 'alvin tiang', 'jakarta', '27/06/1995', '127.0.0.1', '', 8, '2016-05-06 15:22:16.000000'),
(603, 'rafael', 'jakarta', '28/06/1995', '127.0.0.1', '', 6, '2016-05-06 15:31:25.000000'),
(604, 'silviana', 'jakarta', '05/03/1994', '127.0.0.1', '', 9, '2016-05-06 15:41:56.000000'),
(605, 'nerita', 'toboali', '10/01/1991', '127.0.0.1', '', 13, '2016-05-06 16:16:42.000000'),
(606, 'erica catalina', 'jakarta', '15/07/1996', '127.0.0.1', '', 13, '2016-05-06 16:17:29.000000'),
(607, 'leonardo aditya', 'jakarta', '24/08/1995', '127.0.0.1', '', 12, '2016-05-06 16:19:33.000000'),
(608, 'claudia gitta', 'jakarta', '14/02/1995', '127.0.0.1', '', 1, '2016-05-06 16:24:57.000000'),
(609, 'michelle sudjiro', 'jakarta', '23/04/1995', '127.0.0.1', '', 13, '2016-05-06 16:26:33.000000'),
(610, 'eric', 'jakarta', '04/05/1993', '127.0.0.1', '', 7, '2016-05-06 16:26:59.000000'),
(611, 'josephine chitra', 'jakarta', '16/09/1995', '127.0.0.1', '', 8, '2016-05-06 16:27:32.000000'),
(612, 'wirya samatha priatna', 'karawang', '23/07/1995', '127.0.0.1', '', 8, '2016-05-06 16:28:01.000000'),
(613, 'sammy lase', 'medan', '06/01/1974', '127.0.0.1', '', 1, '2016-05-06 16:43:34.000000'),
(614, 'karzt deventus beliva', 'jakarta', '10/08/1983', '127.0.0.1', '', 1, '2016-05-06 16:44:15.000000'),
(615, 'linda bonardy', 'jakarta', '04/08/1988', '127.0.0.1', '', 9, '2016-05-06 16:45:18.000000'),
(616, 'adella', 'jakarta', '24/02/1990', '127.0.0.1', '', 9, '2016-05-06 16:45:51.000000'),
(617, 'marvel adeluiz', 'tangerang', '31/07/2015', '127.0.0.1', '', 9, '2016-05-06 16:46:43.000000'),
(618, 'achion', 'jakarta', '09/10/1975', '127.0.0.1', '', 9, '2016-05-06 16:47:23.000000'),
(619, 'hubertius', 'america', '10/07/1995', '127.0.0.1', '', 6, '2016-05-06 16:48:06.000000'),
(620, 'wandian', 'jakarta', '28/03/2016', '127.0.0.1', '', 9, '2016-05-06 16:54:21.000000'),
(621, 'setyanto dharmawan', 'belanda', '17/03/2016', '127.0.0.1', '', 9, '2016-05-06 16:55:04.000000'),
(622, 'arif pradana', 'jakarta', '17/05/2016', '127.0.0.1', '', 9, '2016-05-06 16:56:13.000000'),
(623, 'david bong', 'jakarta', '24/05/2016', '127.0.0.1', '', 9, '2016-05-06 16:56:44.000000'),
(624, 'ryan jaya putra', 'jambi', '05/03/1995', '127.0.0.1', '', 10, '2016-05-06 17:10:16.000000'),
(625, 'felix wie', 'tanjungbalai', '04/06/1995', '127.0.0.1', '', 10, '2016-05-06 17:15:28.000000'),
(626, 'tedii', 'singkawang', '10/12/1995', '127.0.0.1', '', 9, '2016-05-06 17:16:10.000000'),
(627, 'vincent aprico adil', 'jakarta', '14/04/1995', '127.0.0.1', '', 9, '2016-05-06 17:51:14.000000'),
(628, 'willy alexander', 'jakarta', '19/06/1995', '127.0.0.1', '', 9, '2016-05-06 17:52:04.000000'),
(629, 'rexi gunawan', 'singkawang', '20/03/1995', '127.0.0.1', '', 9, '2016-05-06 17:52:43.000000'),
(630, 'nicolas', 'jakarta', '15/03/1994', '127.0.0.1', '', 9, '2016-05-06 17:53:27.000000'),
(631, 'andri mawan', 'jakarta', '12/01/1972', '127.0.0.1', '', 9, '2016-05-06 17:54:02.000000'),
(632, 'huimanto andika', 'jakarta', '02/01/1996', '127.0.0.1', '', 9, '2016-05-06 17:54:40.000000'),
(633, 'ivan pratama', 'singkawang', '23/03/1995', '127.0.0.1', '', 3, '2016-05-06 17:55:15.000000'),
(634, 'sifra', 'ambon', '21/03/1994', '127.0.0.1', '', 3, '2016-05-06 18:00:51.000000'),
(635, 'farah ', 'jakarta', '09/09/1995', '127.0.0.1', '', 2, '2016-05-06 18:03:33.000000'),
(636, 'jessica husin', 'jakarta', '11/05/1995', '127.0.0.1', '', 6, '2016-05-06 18:13:39.000000'),
(637, 'charlie sandewo', 'jakarta', '15/07/1995', '127.0.0.1', '', 6, '2016-05-06 18:29:49.000000'),
(638, 'aris', 'palembang', '17/05/2016', '127.0.0.1', '', 6, '2016-05-06 18:30:13.000000'),
(639, 'ronald', 'jakarta', '31/08/1995', '127.0.0.1', '', 6, '2016-05-06 18:30:44.000000'),
(640, 'evina puspita', 'jakarta', '16/10/1995', '127.0.0.1', '', 8, '2016-05-06 18:31:24.000000'),
(641, 'lucky pratama', 'jakarta', '23/07/1993', '127.0.0.1', '', 14, '2016-05-06 18:46:14.000000'),
(642, 'tony ciputra', 'jakarta', '14/06/1995', '127.0.0.1', '', 12, '2016-05-06 18:47:08.000000'),
(643, 'leonardo', 'jakarta', '27/03/1993', '127.0.0.1', '', 12, '2016-05-06 18:47:32.000000'),
(644, 'jeanepaulina', 'jakarta', '04/06/1995', '127.0.0.1', '', 6, '2016-05-06 18:58:27.000000'),
(645, 'felix putera', 'jakarta', '25/10/1995', '127.0.0.1', '', 11, '2016-05-06 19:19:56.000000'),
(646, 'steven wijaya', 'jakarta', '19/03/1995', '127.0.0.1', '', 11, '2016-05-06 19:20:40.000000'),
(647, 'steffan tanzil', 'palembang', '24/05/1995', '127.0.0.1', '', 11, '2016-05-06 19:21:18.000000'),
(648, 'christoher muchtar', 'jakarta', '28/05/1995', '127.0.0.1', '', 11, '2016-05-06 19:21:44.000000'),
(649, 'liliana christiani', 'pangkalpinang', '03/12/2016', '127.0.0.1', '', 4, '2016-05-06 19:59:13.000000'),
(650, 'clarysta', 'jakarta', '15/12/1995', '127.0.0.1', '', 5, '2016-05-06 20:07:04.000000'),
(651, 'cintia maria ', 'jakarta', '27/02/1996', '127.0.0.1', '', 10, '2016-05-06 20:08:15.000000'),
(652, 'anis meliana suriajaya', 'jakarta', '24/03/1996', '127.0.0.1', '', 6, '2016-05-06 20:09:24.000000'),
(653, 'merli yulianti', 'bogor', '03/07/1996', '127.0.0.1', '', 13, '2016-05-06 20:14:56.000000'),
(654, 'henry setiawan', 'temanggung', '07/09/1995', '127.0.0.1', '', 6, '2016-05-06 20:19:35.000000'),
(655, 'niko verando', 'jak', '01/05/1995', '127.0.0.1', '', 10, '2016-05-07 12:13:50.000000'),
(656, 'jeremy nathanael tuhumury', 'sidomuncul', '04/05/2016', '127.0.0.1', '', 4, '2016-05-07 12:19:21.000000'),
(657, 'jeremy nathanael ', 'jakarta', '16/05/1992', '127.0.0.1', '', 11, '2016-05-07 12:20:17.000000'),
(658, 'novi suandi', 'jakarta', '20/11/1996', '127.0.0.1', '', 13, '2016-05-07 12:21:03.000000'),
(659, 'bella dila tantiara', 'jakarta', '10/07/1995', '127.0.0.1', '', 1, '2016-05-07 12:34:54.000000'),
(660, 'olivia bonardi', 'ternate', '24/10/1995', '127.0.0.1', '', 9, '2016-05-07 12:37:53.000000'),
(661, 'johan bonardi', 'pemangkat', '12/12/1960', '127.0.0.1', '', 9, '2016-05-07 12:38:28.000000'),
(662, 'deswandi', 'ternate', '16/12/2000', '127.0.0.1', '', 9, '2016-05-07 12:39:10.000000'),
(663, 'chandra jon trafolta', 'jakarta', '16/01/1992', '127.0.0.1', '', 12, '2016-05-07 12:41:57.000000'),
(664, 'dini indriyati', 'bogor', '22/06/1997', '127.0.0.1', '', 10, '2016-05-07 13:14:06.000000'),
(665, 'dinda sastrawijaya', 'bandung', '10/10/1992', '127.0.0.1', '', 1, '2016-05-07 13:15:13.000000'),
(666, 'ricky purnama', 'riau', '02/06/1990', '127.0.0.1', '', 2, '2016-05-07 13:16:00.000000'),
(667, 'harris suryaputra', 'tangerang', '12/02/1995', '127.0.0.1', '', 3, '2016-05-07 13:16:44.000000'),
(668, 'doni kurniawan', 'medan', '05/11/1989', '127.0.0.1', '', 4, '2016-05-07 13:17:43.000000'),
(669, 'noviana lestari', 'banten', '11/12/1991', '127.0.0.1', '', 5, '2016-05-07 13:18:42.000000'),
(670, 'listia', 'jakarta', '03/05/1995', '127.0.0.1', '', 6, '2016-05-07 13:19:33.000000'),
(671, 'wenda kartika', 'bogor', '05/09/1992', '127.0.0.1', '', 14, '2016-05-07 13:20:41.000000'),
(672, 'hilda hartati', 'bogor', '07/04/1965', '127.0.0.1', '', 14, '2016-05-07 13:22:42.000000'),
(673, 'aditya harits', 'lampung', '19/12/2016', '127.0.0.1', '', 9, '2016-05-07 13:23:36.000000'),
(674, 'ristianti annisa', 'bogor', '07/10/1992', '127.0.0.1', '', 14, '2016-05-07 13:24:25.000000'),
(675, 'efendi', 'jakarta', '11/09/1986', '127.0.0.1', '', 10, '2016-05-07 13:25:37.000000'),
(676, 'irene', 'jakarta', '08/10/1995', '127.0.0.1', '', 6, '2016-05-07 14:06:41.000000'),
(677, 'ellyka', 'singkawang', '11/09/1996', '127.0.0.1', '', 6, '2016-05-07 14:07:29.000000'),
(678, 'fedia', 'singkawang', '04/05/2016', '127.0.0.1', '', 6, '2016-05-07 14:08:34.000000'),
(679, 'paskalis eduar', 'pekanbaru', '23/05/1995', '127.0.0.1', '', 6, '2016-05-07 14:09:20.000000'),
(680, 'laura sienti', 'jakarta', '23/02/1995', '127.0.0.1', '', 12, '2016-05-07 14:17:44.000000'),
(681, 'filemon', 'jakarta', '12/02/1990', '127.0.0.1', '', 12, '2016-05-07 14:18:27.000000'),
(682, 'darren edrico', 'jakarta', '07/05/2016', '127.0.0.1', '', 6, '2016-05-07 14:37:05.000000'),
(683, 'eric ', 'jakarta', '13/06/1995', '127.0.0.1', '', 6, '2016-05-07 14:37:50.000000'),
(684, 'carmen', 'jakarta', '22/01/2000', '127.0.0.1', '', 9, '2016-05-07 14:48:48.000000'),
(685, 'cathrine', 'kalbar', '30/12/1971', '127.0.0.1', '', 9, '2016-05-07 14:49:23.000000'),
(686, 'lili', 'pangkalpinang', '03/12/1995', '127.0.0.1', '', 11, '2016-05-07 14:51:39.000000'),
(687, 'david pramono', 'batam', '12/07/1993', '127.0.0.1', '', 10, '2016-05-07 14:54:22.000000'),
(688, 'yohanes arie s', 'tegal', '11/01/1996', '127.0.0.1', '', 5, '2016-05-07 14:55:09.000000'),
(689, 'hindarwan chandra', 'pemalang', '29/11/1996', '127.0.0.1', '', 5, '2016-05-07 14:55:46.000000'),
(690, 'jonathan joe', 'rangkasbitung', '14/08/2016', '127.0.0.1', '', 5, '2016-05-07 14:56:25.000000'),
(691, 'i made genta wedangga', 'tangerang', '02/09/1995', '127.0.0.1', '', 5, '2016-05-07 14:57:19.000000'),
(692, 'philip tjong', 'jakarta', '20/04/1995', '127.0.0.1', '', 6, '2016-05-07 14:58:47.000000'),
(693, 'stanly', 'bekasi', '28/03/2006', '127.0.0.1', '', 9, '2016-05-07 15:01:06.000000'),
(694, 'agus', 'kalbar', '18/08/1971', '127.0.0.1', '', 9, '2016-05-07 15:02:10.000000'),
(695, 'benita ', 'jakarta', '11/03/1995', '127.0.0.1', '', 6, '2016-05-07 15:12:06.000000'),
(696, 'nina', 'jakarta', '22/03/1995', '127.0.0.1', '', 6, '2016-05-07 15:12:33.000000'),
(697, 'claudia', 'jakarta', '11/09/1995', '127.0.0.1', '', 6, '2016-05-07 15:13:24.000000'),
(698, 'peter yuwandi', 'pekanbaru', '21/04/1993', '127.0.0.1', '', 11, '2016-05-07 15:19:32.000000'),
(699, 'donny setiawan', 'pekanbaru', '03/09/1993', '127.0.0.1', '', 11, '2016-05-07 15:20:30.000000'),
(700, 'lazarus darmawan', 'jember', '10/03/1994', '127.0.0.1', '', 11, '2016-05-07 15:22:22.000000'),
(701, 'kelvin fransisco', 'jakarta', '17/03/1995', '127.0.0.1', '', 13, '2016-05-07 15:25:00.000000'),
(702, 'hana', 'medan', '04/10/1994', '127.0.0.1', '', 12, '2016-05-07 15:35:10.000000'),
(703, 'iskandar', 'jakarta', '08/08/1995', '127.0.0.1', '', 12, '2016-05-07 15:35:53.000000'),
(704, 'justin lim', 'jakarta', '27/04/2016', '127.0.0.1', '', 9, '2016-05-07 15:37:04.000000'),
(705, 'hendrik', 'jakarta', '25/03/2016', '127.0.0.1', '', 9, '2016-05-07 15:37:36.000000'),
(706, 'abet', 'jakarta', '06/11/1995', '127.0.0.1', '', 9, '2016-05-07 15:38:08.000000'),
(707, 'steven bong', 'jakarta', '05/09/1993', '127.0.0.1', '', 3, '2016-05-07 15:41:38.000000'),
(708, 'handoko kholan', 'jakarta', '21/04/1993', '127.0.0.1', '', 6, '2016-05-07 15:43:07.000000'),
(709, 'rendy derrick alfred', 'jakarta', '28/08/1993', '127.0.0.1', '', 10, '2016-05-07 15:43:40.000000'),
(710, 'rendy ', 'jakarta', '28/08/1993', '127.0.0.1', '', 6, '2016-05-07 15:44:25.000000'),
(711, 'christian hartanto', 'jakarta', '30/05/2016', '127.0.0.1', '', 6, '2016-05-07 15:45:02.000000'),
(712, 'antonius lukman', 'palembang', '22/04/1993', '127.0.0.1', '', 14, '2016-05-07 15:47:28.000000'),
(713, 'geza syevillia', 'jakarta', '30/07/1994', '127.0.0.1', '', 14, '2016-05-07 15:48:22.000000'),
(714, 'john kevin', 'jakarta', '10/08/1993', '127.0.0.1', '', 14, '2016-05-07 15:48:57.000000'),
(715, 'gina levina natayo', 'jakarta', '04/08/1994', '127.0.0.1', '', 5, '2016-05-07 15:55:41.000000'),
(716, 'vivien gracia', 'jakarta', '01/06/1996', '127.0.0.1', '', 10, '2016-05-07 16:07:55.000000'),
(717, 'john stevens', 'palembang', '31/03/1995', '127.0.0.1', '', 13, '2016-05-07 16:24:31.000000'),
(718, 'austin leovani', 'bandarlampung', '08/08/1996', '127.0.0.1', '', 2, '2016-05-07 16:25:38.000000'),
(719, 'stephanie salim', 'jakarta', '05/06/1989', '127.0.0.1', '', 13, '2016-05-07 16:26:15.000000'),
(720, 'ernest wijoyo', 'jakarta', '06/10/1956', '127.0.0.1', '', 13, '2016-05-07 16:27:01.000000'),
(721, 'helen ong', 'palembang', '28/09/1988', '127.0.0.1', '', 13, '2016-05-07 16:27:32.000000'),
(722, 'suherli sufuk', 'bandarlampung', '29/05/1955', '127.0.0.1', '', 2, '2016-05-07 16:28:25.000000'),
(723, 'wie min', 'manggar', '06/04/1977', '127.0.0.1', '', 8, '2016-05-07 16:29:09.000000'),
(724, 'john wilyam', 'jakarta', '04/04/2005', '127.0.0.1', '', 8, '2016-05-07 16:30:13.000000'),
(725, 'siat na', 'manggar', '02/11/1979', '127.0.0.1', '', 8, '2016-05-07 16:31:10.000000'),
(726, 'steven le', 'jakarta', '19/06/2002', '127.0.0.1', '', 8, '2016-05-07 16:31:54.000000'),
(727, 'kui fa', 'manggar', '21/05/2016', '127.0.0.1', '', 8, '2016-05-07 16:32:58.000000'),
(728, 'natania  ', 'jakarta', '03/09/2010', '127.0.0.1', '', 8, '2016-05-07 16:33:54.000000'),
(729, 'suhartini', 'jakarta', '16/05/1981', '127.0.0.1', '', 8, '2016-05-07 16:34:45.000000'),
(730, 'djayadi', 'jakarta', '24/04/1994', '127.0.0.1', '', 2, '2016-05-07 16:35:23.000000'),
(731, 'hendri', 'jakarta', '28/02/1995', '127.0.0.1', '', 6, '2016-05-07 16:35:56.000000'),
(732, 'patrick', 'jakarta', '19/05/2016', '127.0.0.1', '', 6, '2016-05-07 16:36:28.000000'),
(733, 'adrian sanusi', 'lampung', '08/01/1994', '127.0.0.1', '', 2, '2016-05-07 16:37:13.000000'),
(734, 'berlyntia', 'manggar', '04/08/1993', '127.0.0.1', '', 2, '2016-05-07 16:37:58.000000'),
(735, 'andi gouw', 'medan', '22/03/2016', '127.0.0.1', '', 2, '2016-05-07 16:38:25.000000'),
(736, 'shandy putra', 'malang', '10/09/1993', '127.0.0.1', '', 2, '2016-05-07 16:39:49.000000'),
(737, 'benz benson', 'jakarta', '22/12/1993', '127.0.0.1', '', 12, '2016-05-07 16:54:03.000000'),
(738, 'siska f', 'jakarta', '18/11/1992', '127.0.0.1', '', 12, '2016-05-07 16:54:45.000000'),
(739, 'alferando', 'palembang', '28/09/1995', '127.0.0.1', '', 12, '2016-05-07 16:55:27.000000'),
(740, 'charles', 'medan', '08/10/1988', '127.0.0.1', '', 9, '2016-05-07 17:01:07.000000'),
(741, 'komar', 'medan', '16/06/2016', '127.0.0.1', '', 9, '2016-05-07 17:01:46.000000'),
(742, 'lisni', 'medan', '12/04/1972', '127.0.0.1', '', 9, '2016-05-07 17:02:38.000000'),
(743, 'albert anthony', 'jakarta', '26/08/1995', '127.0.0.1', '', 10, '2016-05-07 17:29:57.000000'),
(744, 'hernando', 'medan', '10/05/1995', '127.0.0.1', '', 10, '2016-05-07 17:31:06.000000'),
(745, 'kelvin', 'jakarta', '17/03/1995', '127.0.0.1', '', 6, '2016-05-07 17:45:20.000000'),
(746, 'jodie hansen', 'pontianak', '22/02/1995', '127.0.0.1', '', 13, '2016-05-07 18:05:41.000000'),
(747, 'gerry nolis', 'pontianak', '05/11/1995', '127.0.0.1', '', 13, '2016-05-07 18:06:20.000000'),
(748, 'billy changay', 'makassar', '22/08/1995', '127.0.0.1', '', 8, '2016-05-07 18:12:30.000000'),
(749, 'natashya', 'jakarta', '06/12/1995', '127.0.0.1', '', 13, '2016-05-07 18:18:59.000000'),
(750, 'verlouissa', 'jakarta', '09/05/2016', '127.0.0.1', '', 13, '2016-05-07 18:21:26.000000'),
(751, 'susanto', 'binjai', '28/09/1983', '127.0.0.1', '', 9, '2016-05-07 19:07:40.000000'),
(752, 'salim', 'binjai', '28/08/2016', '127.0.0.1', '', 9, '2016-05-07 19:08:22.000000'),
(753, 'riharto prayogi', 'jakarta', '30/07/1993', '127.0.0.1', '', 6, '2016-05-07 19:12:08.000000'),
(754, 'william mokhtar', 'dumai', '23/08/1994', '127.0.0.1', '', 6, '2016-05-07 19:12:49.000000'),
(755, 'doni syahroni', 'tangerang', '02/10/1995', '127.0.0.1', '', 11, '2016-05-07 19:23:10.000000'),
(756, 'agung prasetyo', 'tangerang', '21/06/1995', '127.0.0.1', '', 11, '2016-05-07 19:23:51.000000'),
(757, 'yo friyanto', 'kendawangan', '18/08/1996', '127.0.0.1', '', 5, '2016-05-07 20:02:16.000000'),
(758, 'stella tavia', 'jakarta', '11/11/1995', '127.0.0.1', '', 9, '2016-05-07 20:07:00.000000'),
(759, 'chelsea tavia', 'jakarta', '11/04/1999', '127.0.0.1', '', 9, '2016-05-07 20:07:31.000000'),
(760, 'katty octaviana', 'jakarta', '13/10/1982', '127.0.0.1', '', 9, '2016-05-07 20:09:32.000000'),
(761, 'yuri djugo', 'jakarta', '13/03/1997', '127.0.0.1', '', 12, '2016-05-07 20:15:50.000000'),
(762, 'albert ensen', 'medan', '28/08/1994', '127.0.0.1', '', 6, '2016-05-07 21:10:15.000000'),
(763, 'alexandra gabriel', 'jakarta', '24/03/1995', '127.0.0.1', '', 8, '2016-05-08 10:18:54.000000'),
(764, 'saina', 'lubuklinggau', '12/05/2016', '127.0.0.1', '', 11, '2016-05-08 10:22:51.000000'),
(765, 'jeremy triady', 'jakarta', '30/10/1995', '127.0.0.1', '', 10, '2016-05-08 10:24:46.000000'),
(766, 'michelle koe', 'jakarta', '01/12/1995', '127.0.0.1', '', 10, '2016-05-08 10:26:33.000000'),
(767, 'fikri fadillah', 'jakarta', '12/06/1994', '127.0.0.1', '', 9, '2016-05-08 10:41:33.000000'),
(768, 'mufti hafidz', 'jakarta', '22/07/2016', '127.0.0.1', '', 9, '2016-05-08 10:42:35.000000'),
(769, 'feliciana winarya', 'padang', '28/06/1996', '127.0.0.1', '', 5, '2016-05-08 10:48:16.000000'),
(770, 'pedro', 'makasar', '09/05/2016', '127.0.0.1', '', 6, '2016-05-08 10:49:09.000000'),
(771, 'jack', 'baturaja', '11/08/1993', '127.0.0.1', '', 6, '2016-05-08 10:49:43.000000'),
(772, 'james camron', 'batam', '28/05/1995', '127.0.0.1', '', 6, '2016-05-08 10:50:17.000000'),
(773, 'hizkia liandi', 'samarinda', '13/10/1994', '127.0.0.1', '', 6, '2016-05-08 10:51:08.000000'),
(774, 'calvino iskandarano', 'padang', '04/05/2016', '127.0.0.1', '', 1, '2016-05-08 10:57:26.000000'),
(775, 'erwin lin', 'medan', '21/07/1995', '127.0.0.1', '', 9, '2016-05-08 11:05:48.000000'),
(776, 'erni', 'palembang', '20/03/1973', '127.0.0.1', '', 9, '2016-05-08 11:28:52.000000'),
(777, 'theofila', 'pemangkat', '09/05/1978', '127.0.0.1', '', 9, '2016-05-08 11:43:09.000000'),
(778, 'anselline', 'bekasi', '18/06/2006', '127.0.0.1', '', 9, '2016-05-08 11:44:03.000000'),
(779, 'sugiarti', 'tegal', '17/04/1980', '127.0.0.1', '', 9, '2016-05-08 11:45:16.000000'),
(780, 'vallen', 'bekasi', '07/07/2002', '127.0.0.1', '', 9, '2016-05-08 11:46:13.000000'),
(781, 'paulus tan ', 'pemangkat', '22/01/2016', '127.0.0.1', '', 9, '2016-05-08 11:47:24.000000'),
(782, 'dave francis ', 'jakarta', '12/06/2014', '127.0.0.1', '', 9, '2016-05-08 11:51:50.000000'),
(783, 'siti romlah ', 'ngawi', '10/02/2016', '127.0.0.1', '', 9, '2016-05-08 11:53:30.000000'),
(784, 'clarissa ', 'medan', '17/01/1995', '127.0.0.1', '', 6, '2016-05-08 11:54:04.000000'),
(785, 'justin', 'jakarta', '12/07/1995', '127.0.0.1', '', 6, '2016-05-08 12:01:06.000000'),
(786, 'lina', 'pemangkat', '10/09/1950', '127.0.0.1', '', 9, '2016-05-08 12:02:13.000000'),
(787, 'laurensia', 'pangkalpinang', '15/09/1996', '127.0.0.1', '', 9, '2016-05-08 12:15:59.000000'),
(788, 'stella', 'jakarta', '11/12/1993', '127.0.0.1', '', 9, '2016-05-08 12:16:37.000000'),
(789, 'precilia', 'jakarta', '10/08/1989', '127.0.0.1', '', 9, '2016-05-08 12:23:45.000000'),
(790, 'alvin andreas', 'jakarta', '26/04/1985', '127.0.0.1', '', 9, '2016-05-08 12:24:31.000000'),
(791, 'reni nurma yanty', 'ngawi', '04/05/1987', '127.0.0.1', '', 9, '2016-05-08 12:26:29.000000'),
(792, 'amyati', 'pemalang', '30/09/1985', '127.0.0.1', '', 9, '2016-05-08 12:27:05.000000'),
(793, 'levinia andreas', 'jakarta', '24/12/2011', '127.0.0.1', '', 9, '2016-05-08 12:27:38.000000'),
(794, 'theodore andreas ', 'jakarta', '19/08/2015', '127.0.0.1', '', 9, '2016-05-08 12:28:20.000000'),
(795, 'willy pc', 'pontianak', '26/05/2016', '127.0.0.1', '', 6, '2016-05-08 12:28:58.000000'),
(796, 'kevin prayogo', 'pontianak', '11/07/2000', '127.0.0.1', '', 12, '2016-05-08 12:31:04.000000'),
(797, 'rafly hartanto', 'jakarta', '27/05/2016', '127.0.0.1', '', 10, '2016-05-08 12:41:41.000000'),
(798, 'cindy putri', 'jakarta', '23/07/1997', '127.0.0.1', '', 6, '2016-05-08 12:48:44.000000'),
(799, 'antonius mondong', 'jakarta', '18/04/1995', '127.0.0.1', '', 6, '2016-05-08 12:49:21.000000'),
(800, 'kevin chan', 'medan', '21/09/1994', '127.0.0.1', '', 6, '2016-05-08 12:49:54.000000'),
(801, 'reynaldo cakro saputro', 'bali', '21/07/1995', '127.0.0.1', '', 11, '2016-05-08 13:05:04.000000'),
(802, 'vincentius g k', 'denpasar', '18/04/1997', '127.0.0.1', '', 7, '2016-05-08 13:17:37.000000'),
(803, 'ricky septiandi', 'depok', '08/08/1996', '127.0.0.1', '', 9, '2016-05-08 13:27:03.000000'),
(804, 'silvia agustina', 'jakarta', '12/08/1996', '127.0.0.1', '', 6, '2016-05-08 13:32:50.000000'),
(805, 'ellen patricia', 'pekanbaru', '21/05/1996', '127.0.0.1', '', 13, '2016-05-08 13:33:44.000000'),
(806, 'jay', 'pontianak', '04/10/1991', '127.0.0.1', '', 6, '2016-05-08 13:36:52.000000'),
(807, 'julio', 'jakarta', '17/01/1995', '127.0.0.1', '', 6, '2016-05-08 13:37:17.000000'),
(808, 'natasha', 'jakarta', '21/09/1995', '127.0.0.1', '', 6, '2016-05-08 13:37:46.000000'),
(809, 'angela merici', 'jakarta', '21/01/1995', '127.0.0.1', '', 9, '2016-05-08 13:41:40.000000'),
(810, 'ela', 'jakarta', '05/05/1994', '127.0.0.1', '', 6, '2016-05-08 13:42:20.000000'),
(811, 'rika', 'jakarta', '13/02/1995', '127.0.0.1', '', 9, '2016-05-08 13:48:21.000000'),
(812, 'richardo luis', 'jakarta', '13/05/2016', '127.0.0.1', '', 9, '2016-05-08 14:06:58.000000'),
(813, 'rudi', 'kisaran', '28/10/1961', '127.0.0.1', '', 9, '2016-05-08 14:08:16.000000'),
(814, 'carissa vienna wijaya', 'jakarta', '10/04/2007', '127.0.0.1', '', 13, '2016-05-08 14:10:23.000000'),
(815, 'rosmanina', 'medan', '04/05/2016', '127.0.0.1', '', 9, '2016-05-08 14:12:33.000000'),
(816, 'lim tjun hong', 'medan', '01/05/1945', '127.0.0.1', '', 9, '2016-05-08 14:13:53.000000'),
(817, 'jessie', 'binjai', '14/05/2016', '127.0.0.1', '', 9, '2016-05-08 14:14:46.000000'),
(818, 'kiki syafmelia', 'jakarta', '31/05/1988', '127.0.0.1', '', 11, '2016-05-08 14:15:20.000000'),
(819, 'teguh widodo', 'jakarta', '27/04/2016', '127.0.0.1', '', 11, '2016-05-08 14:16:00.000000'),
(820, 'james', 'jakarta', '11/05/2016', '127.0.0.1', '', 6, '2016-05-08 14:17:02.000000'),
(821, 'aldi', 'jakarta', '26/03/1995', '127.0.0.1', '', 6, '2016-05-08 14:17:52.000000'),
(822, 'cindy juliana', 'jakarta', '17/01/1995', '127.0.0.1', '', 6, '2016-05-08 14:19:30.000000'),
(823, 'selvi ', 'jakarta', '12/03/1995', '127.0.0.1', '', 6, '2016-05-08 14:19:56.000000'),
(824, 'fani a r', 'jakarta', '26/10/1995', '127.0.0.1', '', 5, '2016-05-08 14:20:37.000000'),
(825, 'farah fitriyana', 'jakarta', '01/02/1998', '127.0.0.1', '', 5, '2016-05-08 14:21:24.000000'),
(826, 'lina yuliana', 'bandung', '15/05/1995', '127.0.0.1', '', 6, '2016-05-08 14:22:00.000000'),
(827, 'ellen ', 'jakarta', '23/10/1990', '127.0.0.1', '', 6, '2016-05-08 14:22:23.000000'),
(828, 'nelly', 'jakarta', '22/07/1969', '127.0.0.1', '', 5, '2016-05-08 14:23:04.000000'),
(829, 'sianiwati', 'surabaya', '20/01/1959', '127.0.0.1', '', 5, '2016-05-08 14:24:32.000000'),
(830, 'craig', 'jakarta', '08/05/2016', '127.0.0.1', '', 5, '2016-05-08 14:25:02.000000'),
(831, 'steven', 'jakarta', '15/04/1985', '127.0.0.1', '', 6, '2016-05-08 14:25:36.000000'),
(832, 'noviyanti', 'jakarta', '11/05/1990', '127.0.0.1', '', 14, '2016-05-08 14:43:41.000000'),
(833, 'tony', 'jakarta', '09/08/1994', '127.0.0.1', '', 14, '2016-05-08 14:44:26.000000'),
(834, 'stephen ganda', 'jakarta', '12/10/1993', '127.0.0.1', '', 7, '2016-05-08 14:55:29.000000'),
(835, 'brenda elfiani', 'jakarta', '26/01/1996', '127.0.0.1', '', 10, '2016-05-08 15:15:13.000000'),
(836, 'dione narda', 'jakarta', '04/02/1995', '127.0.0.1', '', 10, '2016-05-08 15:16:19.000000'),
(837, 'venny', 'tegal', '13/05/2016', '127.0.0.1', '', 13, '2016-05-08 15:19:54.000000'),
(838, 'martha patricia', 'kalimantan', '06/05/1997', '127.0.0.1', '', 6, '2016-05-08 15:39:09.000000'),
(839, 'sonia novel', 'medan', '28/07/1997', '127.0.0.1', '', 1, '2016-05-08 15:47:25.000000'),
(840, 'willy saputra', 'jakarta', '09/06/2016', '127.0.0.1', '', 9, '2016-05-08 15:51:20.000000'),
(841, 'jokondri', 'jakarta', '05/05/2016', '127.0.0.1', '', 9, '2016-05-08 15:51:47.000000'),
(842, 'michael limastoro', 'jakarta', '16/04/1997', '127.0.0.1', '', 9, '2016-05-08 15:52:40.000000'),
(843, 'justin', 'jakarta', '20/11/1997', '127.0.0.1', '', 6, '2016-05-08 15:57:56.000000'),
(844, 'ester rindini sitio', 'tangerang', '22/04/1997', '127.0.0.1', '', 9, '2016-05-08 16:12:25.000000'),
(845, 'kenny joe setiawan', 'sukabumi', '22/02/1995', '127.0.0.1', '', 10, '2016-05-08 16:17:13.000000'),
(846, 'cindy', 'jakarta', '26/10/2016', '127.0.0.1', '', 10, '2016-05-08 16:22:42.000000'),
(847, 'kenny joe', 'jakarta', '10/11/1993', '127.0.0.1', '', 10, '2016-05-08 16:23:24.000000'),
(848, 'cindy samuel', 'jakarta', '26/10/1994', '127.0.0.1', '', 10, '2016-05-08 16:23:55.000000'),
(849, 'devina elfiani', 'jakarta', '25/01/1995', '127.0.0.1', '', 10, '2016-05-08 16:24:35.000000'),
(850, 'dewi', 'jakarta', '29/01/1995', '127.0.0.1', '', 10, '2016-05-08 16:25:19.000000'),
(851, 'clara', 'jakarta', '20/12/1995', '127.0.0.1', '', 13, '2016-05-08 16:26:10.000000'),
(852, 'dennis garellie', 'jakarta', '15/06/1994', '127.0.0.1', '', 10, '2016-05-08 16:26:39.000000'),
(853, 'cindy julianti', 'bogor', '10/02/1994', '127.0.0.1', '', 10, '2016-05-08 16:27:19.000000'),
(854, 'reynaldo budiono', 'jakarta', '21/05/1995', '127.0.0.1', '', 10, '2016-05-08 16:28:51.000000'),
(855, 'nicholas pedro', 'jakarta', '23/08/1993', '127.0.0.1', '', 10, '2016-05-08 16:29:51.000000'),
(856, 'minori tanoto', 'jakarta', '29/08/1994', '127.0.0.1', '', 10, '2016-05-08 16:30:25.000000'),
(857, 'koe cupei', 'jakarta', '10/10/1987', '127.0.0.1', '', 10, '2016-05-08 16:30:50.000000'),
(858, 'aliene', 'jakarta', '14/10/1994', '127.0.0.1', '', 10, '2016-05-08 16:31:17.000000'),
(859, 'merri sanni', 'jakarta', '18/05/1995', '127.0.0.1', '', 10, '2016-05-08 16:31:50.000000'),
(860, 'clarissa nj', 'medan', '25/02/1995', '127.0.0.1', '', 10, '2016-05-08 16:32:27.000000'),
(861, 'selen liang', 'jakarta', '14/12/1995', '127.0.0.1', '', 10, '2016-05-08 16:33:19.000000'),
(862, 'intan', 'jakarta', '03/05/1989', '127.0.0.1', '', 10, '2016-05-08 16:33:51.000000'),
(863, 'chika', 'jakarta', '13/05/1997', '127.0.0.1', '', 10, '2016-05-08 16:34:13.000000'),
(864, 'kevin ', 'medan', '10/02/1994', '127.0.0.1', '', 10, '2016-05-08 16:35:56.000000'),
(865, 'michael', 'jakarta', '15/03/1993', '127.0.0.1', '', 12, '2016-05-08 16:36:21.000000'),
(866, 'ferando', 'medan', '17/07/2016', '127.0.0.1', '', 10, '2016-05-08 16:37:14.000000'),
(867, 'christine stephanie', 'binjai', '02/05/2016', '127.0.0.1', '', 9, '2016-05-08 16:37:56.000000'),
(868, 'febriana bonardi', 'ternate', '16/02/1988', '127.0.0.1', '', 9, '2016-05-08 16:38:28.000000'),
(869, 'albert', 'jakarta', '03/08/1996', '127.0.0.1', '', 9, '2016-05-08 16:38:54.000000'),
(870, 'linda', 'binjai', '14/05/2016', '127.0.0.1', '', 10, '2016-05-08 16:40:14.000000'),
(871, 'hendra', 'jakarta', '13/05/2016', '127.0.0.1', '', 9, '2016-05-08 16:40:52.000000'),
(872, 'alung', 'bekasi', '23/02/2016', '127.0.0.1', '', 10, '2016-05-08 16:45:50.000000'),
(873, 'devina', 'jakarta', '09/05/2016', '127.0.0.1', '', 10, '2016-05-08 16:46:27.000000'),
(874, 'cun boi', 'medan', '23/03/2016', '127.0.0.1', '', 1, '2016-05-08 16:50:38.000000'),
(875, 'rahmad', 'medan', '26/02/1962', '127.0.0.1', '', 1, '2016-05-08 16:51:17.000000'),
(876, 'bella', 'medan', '18/06/2016', '127.0.0.1', '', 1, '2016-05-08 16:51:52.000000'),
(877, 'joni luis ', 'binjai', '19/02/2016', '127.0.0.1', '', 1, '2016-05-08 16:52:22.000000'),
(878, 'axel', 'jakarta', '22/03/2016', '127.0.0.1', '', 1, '2016-05-08 16:53:14.000000'),
(879, 'hendri', 'pontianak', '20/05/2016', '127.0.0.1', '', 13, '2016-05-08 16:54:17.000000'),
(880, 'tri', 'jakarta', '05/02/1995', '127.0.0.1', '', 6, '2016-05-08 16:56:54.000000'),
(881, 'rico kristanto', 'jakarta', '18/05/1997', '127.0.0.1', '', 1, '2016-05-08 17:05:22.000000'),
(882, 'kelvin ong', 'karimun', '08/08/1997', '127.0.0.1', '', 1, '2016-05-08 17:06:18.000000'),
(883, 'kelvin iskandar', 'padang', '29/03/1997', '127.0.0.1', '', 1, '2016-05-08 17:07:17.000000'),
(884, 'geovani bella dewi', 'jakarta', '08/08/1985', '127.0.0.1', '', 1, '2016-05-08 17:09:22.000000'),
(885, 'njo evan', 'semarang', '26/09/1994', '127.0.0.1', '', 6, '2016-05-08 17:13:05.000000'),
(886, 'meli', 'jakarta', '02/05/1995', '127.0.0.1', '', 6, '2016-05-08 17:13:43.000000'),
(887, 'ferry stiady', 'jakarta', '26/09/1987', '127.0.0.1', '', 11, '2016-05-08 17:14:22.000000'),
(888, 'ariel setiawan', 'jakarta', '20/10/2000', '127.0.0.1', '', 10, '2016-05-08 17:21:11.000000'),
(889, 'joseph setiawan', 'jakarta', '20/10/2004', '127.0.0.1', '', 10, '2016-05-08 17:21:49.000000'),
(890, 'calvin chandra', 'jakarta', '10/08/1994', '127.0.0.1', '', 11, '2016-05-08 17:48:56.000000'),
(891, 'gunawan', 'jakarta', '10/05/2016', '127.0.0.1', '', 9, '2016-05-08 17:50:31.000000'),
(892, 'dessy', 'jakarta', '27/08/1994', '127.0.0.1', '', 9, '2016-05-08 17:51:38.000000'),
(893, 'gladys natashya t', 'tolitoli', '06/12/1996', '127.0.0.1', '', 13, '2016-05-08 17:59:36.000000'),
(894, 'maria shisze', 'jakarta', '22/12/1995', '127.0.0.1', '', 13, '2016-05-08 18:00:22.000000'),
(895, 'sasha', 'jakarta', '17/12/1994', '127.0.0.1', '', 13, '2016-05-08 18:01:11.000000'),
(896, 'william ', 'batam', '14/02/1994', '127.0.0.1', '', 13, '2016-05-08 18:01:50.000000'),
(897, 'kevin', 'tangerang', '23/06/1995', '127.0.0.1', '', 13, '2016-05-08 18:02:47.000000'),
(898, 'shinta ananta', 'jakarta', '23/05/2016', '127.0.0.1', '', 11, '2016-05-08 18:03:23.000000'),
(899, 'dedi', 'pangkalpinang', '23/03/1990', '127.0.0.1', '', 11, '2016-05-08 18:05:22.000000'),
(900, 'novia', 'pangkalpinang', '06/05/2016', '127.0.0.1', '', 11, '2016-05-08 18:06:06.000000'),
(901, 'adam barzanji', 'jakarta', '06/12/1995', '127.0.0.1', '', 11, '2016-05-08 18:06:55.000000'),
(902, 'shinta ananta', 'karawang', '23/05/2016', '127.0.0.1', '', 10, '2016-05-08 18:07:30.000000'),
(903, 'princess', 'jakarta', '05/07/2000', '127.0.0.1', '', 1, '2016-05-08 18:39:36.000000'),
(904, 'moses', 'bekasi', '14/06/2004', '127.0.0.1', '', 1, '2016-05-08 18:40:14.000000'),
(905, 'leo', 'jakarta', '01/05/2016', '127.0.0.1', '', 6, '2016-05-08 18:46:13.000000'),
(906, 'gus liem', 'jakarta', '27/08/1991', '127.0.0.1', '', 6, '2016-05-08 18:46:59.000000'),
(907, 'kevin jonathan', 'palembang', '01/05/2016', '127.0.0.1', '', 6, '2016-05-08 18:51:41.000000'),
(908, 'pisangg', 'jakarta', '17/08/1945', '127.0.0.1', '', 6, '2016-05-08 18:52:56.000000'),
(909, 'stefanus alpin wijaya', 'bogor', '13/09/1995', '127.0.0.1', '', 12, '2016-05-08 18:54:22.000000'),
(910, 'mikhael edwin saputra jayadi', 'purbalingga', '06/04/1995', '127.0.0.1', '', 12, '2016-05-08 18:55:13.000000'),
(911, 'steve jansen', 'jakarta', '20/05/2016', '127.0.0.1', '', 6, '2016-05-08 18:58:30.000000'),
(912, 'kelvin', 'balai', '08/08/1997', '127.0.0.1', '', 6, '2016-05-08 19:02:54.000000'),
(913, 'mustika gustiawan', 'rengat', '21/06/1998', '127.0.0.1', '', 6, '2016-05-08 19:03:35.000000'),
(914, 'hiran khirani', 'jakarta', '08/05/2016', '127.0.0.1', '', 2, '2016-05-08 19:04:59.000000'),
(915, 'eliza', 'surakarta', '14/08/1966', '127.0.0.1', '', 1, '2016-05-08 19:13:35.000000'),
(916, 'caesar', 'jakarta', '24/06/1998', '127.0.0.1', '', 1, '2016-05-08 19:14:14.000000'),
(917, 'sahala', 'sabang', '16/11/1967', '127.0.0.1', '', 1, '2016-05-08 19:15:13.000000'),
(918, 'cindy susanto', 'jakarta', '30/09/1995', '127.0.0.1', '', 3, '2016-05-08 19:16:32.000000'),
(919, 'yunita lidwina', 'jakarta', '04/05/2016', '127.0.0.1', '', 3, '2016-05-08 19:17:01.000000'),
(920, 'lidwina yunita', 'jakarta', '16/11/2016', '127.0.0.1', '', 3, '2016-05-08 19:17:39.000000'),
(921, 'kevin towiro', 'surabaya', '24/03/2016', '127.0.0.1', '', 3, '2016-05-08 19:18:21.000000'),
(922, 'vincent sujanto', 'jakarta', '19/11/1993', '127.0.0.1', '', 3, '2016-05-08 19:18:47.000000'),
(923, 'mariana', 'jakarta', '11/05/2016', '127.0.0.1', '', 3, '2016-05-08 19:19:05.000000'),
(924, 'toro', 'jakart', '18/12/1991', '127.0.0.1', '', 6, '2016-05-08 19:19:30.000000'),
(925, 'kenny', 'bandung', '13/08/1982', '127.0.0.1', '', 6, '2016-05-08 19:19:53.000000'),
(926, 'andi', 'jakarta', '05/06/1994', '127.0.0.1', '', 13, '2016-05-08 19:21:07.000000'),
(927, 'beni', 'jakarta', '28/05/1995', '127.0.0.1', '', 6, '2016-05-08 19:21:42.000000'),
(928, 'cindy ', 'jakarta', '08/03/1995', '127.0.0.1', '', 6, '2016-05-08 19:22:17.000000'),
(929, 'fendi', 'jakarta', '15/05/1993', '127.0.0.1', '', 10, '2016-05-08 19:23:40.000000'),
(930, 'steffi', 'pematangsiantar', '20/08/1995', '127.0.0.1', '', 6, '2016-05-08 19:28:38.000000'),
(931, 'james', 'jambi', '04/10/1995', '127.0.0.1', '', 6, '2016-05-08 19:29:10.000000'),
(932, 'susan', 'jakarta', '20/02/1988', '127.0.0.1', '', 8, '2016-05-08 19:30:33.000000'),
(933, 'danny kwakar', 'jakarta', '20/11/1992', '127.0.0.1', '', 6, '2016-05-08 19:38:12.000000'),
(934, 'benjamin', 'medan', '19/12/1995', '127.0.0.1', '', 6, '2016-05-08 19:51:35.000000'),
(935, 'maria', 'jakarta', '23/05/2016', '127.0.0.1', '', 6, '2016-05-08 19:54:39.000000'),
(936, 'joshua', 'bandung', '02/11/1995', '127.0.0.1', '', 9, '2016-05-08 19:55:49.000000'),
(937, 'alpin', 'bogor', '13/09/1995', '127.0.0.1', '', 9, '2016-05-08 19:56:22.000000'),
(938, 'michael djugo', 'jakarta', '13/03/1995', '127.0.0.1', '', 9, '2016-05-08 19:56:55.000000'),
(939, 'tommy suhendri', 'tegal', '11/09/1994', '127.0.0.1', '', 2, '2016-05-08 19:57:42.000000'),
(940, 'stefanus', 'jakarta', '03/05/1994', '127.0.0.1', '', 8, '2016-05-08 19:58:12.000000'),
(941, 'edwin', 'purbalingga', '06/04/1995', '127.0.0.1', '', 12, '2016-05-08 19:58:52.000000'),
(942, 'alpin wijaya', 'bogor', '13/09/1995', '127.0.0.1', '', 14, '2016-05-08 19:59:43.000000'),
(943, 'althea puspo', 'jakarta', '28/04/1997', '127.0.0.1', '', 14, '2016-05-08 20:12:45.000000'),
(944, 'calmin merhen', 'jakarta', '27/03/1995', '127.0.0.1', '', 14, '2016-05-08 20:13:29.000000'),
(945, 'yen yen', 'binjai', '06/05/2016', '127.0.0.1', '', 9, '2016-05-08 20:14:52.000000'),
(946, 'jessenia', 'jakarta', '24/05/2016', '127.0.0.1', '', 9, '2016-05-08 20:15:40.000000'),
(947, 'martin', 'jakarta', '25/10/1995', '127.0.0.1', '', 13, '2016-05-08 20:34:18.000000'),
(948, 'martin', 'jakarta', '25/10/1995', '127.0.0.1', '', 13, '2016-05-08 20:34:18.000000'),
(949, 'angelina fransiska', 'singaraja', '29/11/1995', '127.0.0.1', '', 12, '2016-05-08 20:52:23.000000');

--
-- Indexes for dumped tables
--

--
-- Indexes for table `tb_kota`
--
ALTER TABLE `tb_kota`
 ADD PRIMARY KEY (`id_kota`);

--
-- Indexes for table `tb_provinsi`
--
ALTER TABLE `tb_provinsi`
 ADD PRIMARY KEY (`id_provinsi`);

--
-- Indexes for table `tb_team`
--
ALTER TABLE `tb_team`
 ADD PRIMARY KEY (`id`);

--
-- Indexes for table `tb_vote`
--
ALTER TABLE `tb_vote`
 ADD PRIMARY KEY (`id`);

--
-- AUTO_INCREMENT for dumped tables
--

--
-- AUTO_INCREMENT for table `tb_kota`
--
ALTER TABLE `tb_kota`
MODIFY `id_kota` int(11) NOT NULL AUTO_INCREMENT;
--
-- AUTO_INCREMENT for table `tb_provinsi`
--
ALTER TABLE `tb_provinsi`
MODIFY `id_provinsi` int(11) NOT NULL AUTO_INCREMENT;
--
-- AUTO_INCREMENT for table `tb_team`
--
ALTER TABLE `tb_team`
MODIFY `id` int(11) NOT NULL AUTO_INCREMENT,AUTO_INCREMENT=15;
--
-- AUTO_INCREMENT for table `tb_vote`
--
ALTER TABLE `tb_vote`
MODIFY `id` int(11) NOT NULL AUTO_INCREMENT,AUTO_INCREMENT=950;
/*!40101 SET CHARACTER_SET_CLIENT=@OLD_CHARACTER_SET_CLIENT */;
/*!40101 SET CHARACTER_SET_RESULTS=@OLD_CHARACTER_SET_RESULTS */;
/*!40101 SET COLLATION_CONNECTION=@OLD_COLLATION_CONNECTION */;
